LIB,Filename,Entry-point,add-key,taint-analysis,ept3,2-generatebpl,2-product,2-verify,ept7,2-s-generatebpl,2-s-product,2-s-verify,ept11,3-generatebpl,3-product,3-verify,ept15,3-s-generatebpl,3-s-product,3-s-verify,ept19,1+2-addkey,1+2-taint-analysis,1+2-generatebpl,1+2-product,1+2-verify,ept25,1+2-s-addkey,1+2-s-taint-analysis,1+2-s-generatebpl,1+2-s-product,1+2-s-verify,ept31,1+3-addkey,1+3-taint-analysis,1+3-generatebpl,1+3-product,1+3-verify,ept37,1+3_s-addkey,1+3_s-taint-analysis,1+3_s-generatebpl,1+3_s-product,1+3_s-verify,ept43
FourQlib,ECC_double,eccdouble,0.03284764289855957,0.1858844757080078,,1.1211462020874023,4.87174391746521,0.8301215171813965,,1.1157293319702148,4.98124885559082,0.8058207035064697,,1.1074128150939941,4.94491720199585,0.8163611888885498,,1.1279666423797607,5.0168633460998535,0.9048521518707275,,0.026477575302124023,0.17786526679992676,1.1542072296142578,4.806668996810913,0.8028714656829834,,0.03253579139709473,0.19170904159545898,1.1432812213897705,5.1169164180755615,0.8160288333892822,,0.029689311981201172,0.19197416305541992,1.1447043418884277,5.11765193939209,0.8320386409759521,,0.02647256851196289,0.18718218803405762,1.1746008396148682,5.088453054428101,0.8331429958343506,
