LIB,Filename,Entry-point,1,2,2-s,3,3-s,1+2,1+2_s,1+3,1+3_s,1+2+3,loc,all-sens pos,ct-verify pass?,Taint pass?,taint res,High taint pass?,Is_high_taint_1_2_pass
FourQlib,ECC_double,eccdouble,0.21873211860656738,6.823011636734009,6.902798891067505,6.8686912059783936,7.049682140350342,0.20434284210205078,0.2242448329925537,0.2216634750366211,0.2136547565460205,0.21860671043395996,28,0,Verified!,Verified!,0,Verified!,Verified!
