LIB,Filename,Entry-point,2,2_s,3,3-s,1+2,1+2_s,1+3,1+3_s
FourQlib,ECC_double,eccdouble,0.8301215171813965,0.8058207035064697,0.8163611888885498,0.9048521518707275,0.8028714656829834,0.8160288333892822,0.8320386409759521,0.8331429958343506
