LIB,Filename,Entry-point,add-key,taint-analysis,ept3,2-generatebpl,2-product,2-verify,ept7,2-s-generatebpl,2-s-product,2-s-verify,ept11,3-generatebpl,3-product,3-verify,ept15,3-s-generatebpl,3-s-product,3-s-verify,ept19,1+2-addkey,1+2-taint-analysis,1+2-generatebpl,1+2-product,1+2-verify,ept25,1+2-s-addkey,1+2-s-taint-analysis,1+2-s-generatebpl,1+2-s-product,1+2-s-verify,ept31,1+3-addkey,1+3-taint-analysis,1+3-generatebpl,1+3-product,1+3-verify,ept37,1+3_s-addkey,1+3_s-taint-analysis,1+3_s-generatebpl,1+3_s-product,1+3_s-verify,ept43
BearSSL,Poly1305_ctmul_ChaCha20,run,0.023875951766967773,0.10807037353515625,,1.5147640705108643,7.386467218399048,2.2343456745147705,,1.488431692123413,7.6829283237457275,3.061162233352661,,1.4822635650634766,7.457565069198608,3.2902822494506836,,1.4956347942352295,7.372145891189575,6.796817779541016,,0.017697572708129883,0.10703563690185547,1.6473345756530762,7.202622175216675,1.9852445125579834,,0.022675275802612305,0.09917402267456055,1.6641032695770264,7.255066156387329,2.0088517665863037,,0.024945497512817383,0.10396504402160645,1.686291217803955,7.233615398406982,1.9828846454620361,,0.019884824752807617,0.10297846794128418,1.659196376800537,7.1614532470703125,1.9477875232696533,
