LIB,Filename,Entry-point,1,2,2-s,3,3-s,1+2,1+2_s,1+3,1+3_s,1+2+3,loc,all-sens pos,ct-verify pass?,Taint pass?,taint res,High taint pass?,Is_high_taint_1_2_pass
BearSSL,Poly1305_ctmul_ChaCha20,run,0.13194632530212402,11.135576963424683,12.232522249221802,12.230110883712769,15.66459846496582,0.12473320960998535,0.12184929847717285,0.12891054153442383,0.1228632926940918,0.12449026107788086,4318,363,Verified!,Verified!,0,Verified!,Verified!
