LIB,Filename,Entry-point,2,2_s,3,3-s,1+2,1+2_s,1+3,1+3_s
BearSSL,Poly1305_ctmul_ChaCha20,run,2.2343456745147705,3.061162233352661,3.2902822494506836,6.796817779541016,1.9852445125579834,2.0088517665863037,1.9828846454620361,1.9477875232696533
