LIB,Filename,Entry-point,1,2,2-s,3,3-s,1+2,1+2_s,1+3,1+3_s,1+2+3,loc,all-sens pos,ct-verify pass?,Taint pass?,taint res,High taint pass?,Is_high_taint_1_2_pass
HACL,Curve25519-64,Hacl_Curve25519_64_ecdh,0.10607600212097168,8.962555408477783,8.86323618888855,8.937379598617554,8.886675596237183,0.10355305671691895,0.10251712799072266,0.10644841194152832,0.09200024604797363,0.10512304306030273,1813,70,Verified!,Verified!,0,Verified!,Verified!
HACL,Curve25519-64,Hacl_Curve25519_64_scalarmult,0.08739638328552246,8.827890872955322,8.801060438156128,8.90774130821228,8.80044937133789,0.0909416675567627,0.10202145576477051,0.08938717842102051,0.09175872802734375,0.09260368347167969,1619,67,Verified!,Verified!,0,Verified!,Verified!
HACL,Curve25519-64,Hacl_Curve25519_64_secret_to_public,0.09903120994567871,8.826950311660767,9.283674240112305,9.2599937915802,9.31070613861084,0.09459900856018066,0.09349560737609863,0.10512280464172363,0.08746457099914551,0.09775495529174805,1701,102,Verified!,Verified!,0,Verified!,Verified!
