LIB,Filename,Entry-point,add-key,taint-analysis,ept3,2-generatebpl,2-product,2-verify,ept7,2-s-generatebpl,2-s-product,2-s-verify,ept11,3-generatebpl,3-product,3-verify,ept15,3-s-generatebpl,3-s-product,3-s-verify,ept19,1+2-addkey,1+2-taint-analysis,1+2-generatebpl,1+2-product,1+2-verify,ept25,1+2-s-addkey,1+2-s-taint-analysis,1+2-s-generatebpl,1+2-s-product,1+2-s-verify,ept31,1+3-addkey,1+3-taint-analysis,1+3-generatebpl,1+3-product,1+3-verify,ept37,1+3_s-addkey,1+3_s-taint-analysis,1+3_s-generatebpl,1+3_s-product,1+3_s-verify,ept43
libsodium,Aead,crypto_aead_chacha20poly1305_decrypt,0.03446650505065918,1.6555321216583252,,2.051482915878296,9.266902208328247,21.478447914123535,,2.0720274448394775,9.510255813598633,25.955709218978882,,2.0376522541046143,9.427174091339111,227.9620532989502,,2.0563371181488037,9.4228036403656,145.2396969795227,,0.02498650550842285,1.449087381362915,2.5839169025421143,9.511972188949585,3.5150980949401855,,0.03677821159362793,1.6723318099975586,2.587404727935791,9.884902000427246,3.7744147777557373,,0.03114771842956543,1.634504795074463,2.5806264877319336,9.538663625717163,3.7638368606567383,,0.02386474609375,1.6252994537353516,2.586780309677124,9.560532093048096,3.482266664505005,
