LIB,Filename,Entry-point,1,2,2-s,3,3-s,1+2,1+2_s,1+3,1+3_s,1+2+3,loc,all-sens pos,ct-verify pass?,Taint pass?,taint res,High taint pass?,Is_high_taint_1_2_pass
libsodium,Aead,crypto_aead_chacha20poly1305_decrypt,1.6899986267089844,32.79683303833008,37.53799247741699,239.42687964439392,156.7188377380371,17.085061073303223,17.95583152770996,17.548779487609863,17.278743267059326,17.659037828445435,9348,395,Still Have Leak!,Still Have Leak!,2,Still Have Leak!,Verified!
