LIB,Filename,Entry-point,2,2_s,3,3-s,1+2,1+2_s,1+3,1+3_s
libsodium,Aead,crypto_aead_chacha20poly1305_decrypt,21.478447914123535,25.955709218978882,227.9620532989502,145.2396969795227,3.5150980949401855,3.7744147777557373,3.7638368606567383,3.482266664505005
