LIB,Filename,Entry-point,add-key,taint-analysis,ept3,2-generatebpl,2-product,2-verify,ept7,2-s-generatebpl,2-s-product,2-s-verify,ept11,3-generatebpl,3-product,3-verify,ept15,3-s-generatebpl,3-s-product,3-s-verify,ept19,1+2-addkey,1+2-taint-analysis,1+2-generatebpl,1+2-product,1+2-verify,ept25,1+2-s-addkey,1+2-s-taint-analysis,1+2-s-generatebpl,1+2-s-product,1+2-s-verify,ept31,1+3-addkey,1+3-taint-analysis,1+3-generatebpl,1+3-product,1+3-verify,ept37,1+3_s-addkey,1+3_s-taint-analysis,1+3_s-generatebpl,1+3_s-product,1+3_s-verify,ept43
Tongsuo,AES,decrypt,0.02557992935180664,0.14493298530578613,,1.2614095211029053,9.504454612731934,2.173325300216675,,1.2533354759216309,9.324658155441284,2.7529501914978027,,1.2667229175567627,9.716439723968506,2.70212984085083,,1.2815730571746826,9.653187274932861,2.565325975418091,,0.015988826751708984,0.13426637649536133,1.415893316268921,9.026429891586304,2.365692377090454,,0.0278775691986084,0.1401526927947998,1.4163837432861328,9.374021053314209,2.53273606300354,,0.038074493408203125,0.14020061492919922,1.4080193042755127,9.451606273651123,2.5563158988952637,,0.03458380699157715,0.1449294090270996,1.3975906372070312,9.259561777114868,2.653996706008911,
Tongsuo,AES,encrypt,0.01927661895751953,0.14621710777282715,,1.2573661804199219,8.962062358856201,1.9245343208312988,,1.3169960975646973,8.926911115646362,1.9443347454071045,,1.278364658355713,9.02287745475769,2.1781506538391113,,1.2979388236999512,8.987432718276978,2.176050901412964,,0.018568038940429688,0.13973116874694824,1.39052414894104,8.585381984710693,2.231638193130493,,0.017045974731445312,0.14436697959899902,1.3899545669555664,8.649091482162476,2.362622022628784,,0.022027254104614258,0.15039777755737305,1.3804190158843994,8.875038385391235,2.2516188621520996,,0.01833820343017578,0.13841533660888672,1.3916749954223633,8.717053651809692,2.367133617401123,
