LIB,Filename,Entry-point,1,2,2-s,3,3-s,1+2,1+2_s,1+3,1+3_s,1+2+3,loc,all-sens pos,ct-verify pass?,Taint pass?,taint res,High taint pass?,Is_high_taint_1_2_pass
Tongsuo,AES,decrypt,0.17051291465759277,12.939189434051514,13.330943822860718,13.685292482376099,13.500086307525635,12.958270788192749,13.49117112159729,13.594216585159302,13.490662336349487,31.264363527297974,3274,1382,Still Have Leak!,Still Have Leak!,49,Still Have Leak!,Still Have Leak!
Tongsuo,AES,encrypt,0.16549372673034668,12.143962860107422,12.188241958618164,12.479392766952515,12.461422443389893,12.365843534469604,12.56308102607727,12.679501295089722,12.632615804672241,29.564207792282104,2982,1126,Still Have Leak!,Still Have Leak!,49,Still Have Leak!,Still Have Leak!
