LIB,Filename,Entry-point,2,2_s,3,3-s,1+2,1+2_s,1+3,1+3_s
Tongsuo,AES,decrypt,2.173325300216675,2.7529501914978027,2.70212984085083,2.565325975418091,2.365692377090454,2.53273606300354,2.5563158988952637,2.653996706008911
Tongsuo,AES,encrypt,1.9245343208312988,1.9443347454071045,2.1781506538391113,2.176050901412964,2.231638193130493,2.362622022628784,2.2516188621520996,2.367133617401123
