LIB,Filename,Entry-point,add-key,taint-analysis,ept3,2-generatebpl,2-product,2-verify,ept7,2-s-generatebpl,2-s-product,2-s-verify,ept11,3-generatebpl,3-product,3-verify,ept15,3-s-generatebpl,3-s-product,3-s-verify,ept19,1+2-addkey,1+2-taint-analysis,1+2-generatebpl,1+2-product,1+2-verify,ept25,1+2-s-addkey,1+2-s-taint-analysis,1+2-s-generatebpl,1+2-s-product,1+2-s-verify,ept31,1+3-addkey,1+3-taint-analysis,1+3-generatebpl,1+3-product,1+3-verify,ept37,1+3_s-addkey,1+3_s-taint-analysis,1+3_s-generatebpl,1+3_s-product,1+3_s-verify,ept43
Tongsuo,curve25519,derive_pub_key,0.06281208992004395,0.3438262939453125,,2.626497745513916,49.98259711265564,82.47588419914246,,2.705139398574829,53.207000494003296,117.12133502960205,,2.6468124389648438,54.384968996047974,120.21697115898132,,2.7440073490142822,56.45696711540222,673.1193470954895,,0.050081729888916016,0.30235958099365234,3.0119824409484863,45.68750214576721,48.669811964035034,,0.0650632381439209,0.337383508682251,3.1065731048583984,47.92955803871155,64.99902606010437,,0.06253886222839355,0.3253936767578125,3.3269455432891846,50.78907108306885,62.98272347450256,,0.06922149658203125,0.3424053192138672,3.4576826095581055,48.50257873535156,74.86461043357849,
Tongsuo,curve25519,ossl_x25519,0.05373096466064453,0.35762906074523926,,1.668086051940918,7.154690742492676,3.772801160812378,,1.6397318840026855,8.113922834396362,5.289881229400635,,1.6927411556243896,7.870682716369629,4.593433380126953,,1.6198718547821045,7.096923351287842,19.399084091186523,,0.048029184341430664,0.2912783622741699,1.7933485507965088,6.726347208023071,2.8498969078063965,,0.07273411750793457,0.3657650947570801,1.899036169052124,7.1193764209747314,3.52236270904541,,0.06142115592956543,0.35127830505371094,1.893404483795166,7.029264211654663,2.999908685684204,,0.0586550235748291,0.33122897148132324,2.1317615509033203,7.203873157501221,3.3032748699188232,
