LIB,Filename,Entry-point,2,2_s,3,3-s,1+2,1+2_s,1+3,1+3_s
Tongsuo,curve25519,derive_pub_key,82.47588419914246,117.12133502960205,120.21697115898132,673.1193470954895,48.669811964035034,64.99902606010437,62.98272347450256,74.86461043357849
Tongsuo,curve25519,ossl_x25519,3.772801160812378,5.289881229400635,4.593433380126953,19.399084091186523,2.8498969078063965,3.52236270904541,2.999908685684204,3.3032748699188232
