LIB,Filename,Entry-point,add-key,taint-analysis,ept3,2-generatebpl,2-product,2-verify,ept7,2-s-generatebpl,2-s-product,2-s-verify,ept11,3-generatebpl,3-product,3-verify,ept15,3-s-generatebpl,3-s-product,3-s-verify,ept19,1+2-addkey,1+2-taint-analysis,1+2-generatebpl,1+2-product,1+2-verify,ept25,1+2-s-addkey,1+2-s-taint-analysis,1+2-s-generatebpl,1+2-s-product,1+2-s-verify,ept31,1+3-addkey,1+3-taint-analysis,1+3-generatebpl,1+3-product,1+3-verify,ept37,1+3_s-addkey,1+3_s-taint-analysis,1+3_s-generatebpl,1+3_s-product,1+3_s-verify,ept43
FourQlib,ECC_norm,eccnorm,0.03695034980773926,0.38017702102661133,,1.4200282096862793,6.092142105102539,15.50714111328125,,1.429534673690796,6.032066345214844,20.591299772262573,,1.4434969425201416,6.042977571487427,30.24811816215515,,1.4181160926818848,6.088576793670654,54.404853105545044,,0.025189876556396484,0.36835312843322754,1.5506207942962646,6.036715507507324,13.897753715515137,,0.03056788444519043,0.38096141815185547,1.5840680599212646,6.133439540863037,14.396493911743164,,0.03666996955871582,0.3809165954589844,1.521817684173584,6.1547369956970215,14.419620990753174,,0.03710055351257324,0.3838460445404053,1.5355725288391113,6.074304580688477,14.952089071273804,
