LIB,Filename,Entry-point,2,2_s,3,3-s,1+2,1+2_s,1+3,1+3_s
FourQlib,ECC_norm,eccnorm,15.50714111328125,20.591299772262573,30.24811816215515,54.404853105545044,13.897753715515137,14.396493911743164,14.419620990753174,14.952089071273804
