LIB,Filename,Entry-point,add-key,taint-analysis,ept3,2-generatebpl,2-product,2-verify,ept7,2-s-generatebpl,2-s-product,2-s-verify,ept11,3-generatebpl,3-product,3-verify,ept15,3-s-generatebpl,3-s-product,3-s-verify,ept19,1+2-addkey,1+2-taint-analysis,1+2-generatebpl,1+2-product,1+2-verify,ept25,1+2-s-addkey,1+2-s-taint-analysis,1+2-s-generatebpl,1+2-s-product,1+2-s-verify,ept31,1+3-addkey,1+3-taint-analysis,1+3-generatebpl,1+3-product,1+3-verify,ept37,1+3_s-addkey,1+3_s-taint-analysis,1+3_s-generatebpl,1+3_s-product,1+3_s-verify,ept43
libsodium,ChaCha20,crypto_stream_chacha20,0.033349037170410156,2.5184528827667236,,1.7193195819854736,7.626538991928101,1.4468612670898438,,1.727844476699829,7.920679330825806,1.6281204223632812,,1.6756293773651123,7.830369234085083,1.6334314346313477,,1.7006309032440186,7.8228232860565186,2.030898332595825,,0.025569438934326172,2.3381545543670654,1.941971778869629,7.93493127822876,1.782940149307251,,0.02523326873779297,2.6504547595977783,2.0061609745025635,8.161222457885742,1.8385632038116455,,0.02475762367248535,2.6776981353759766,2.004504680633545,8.037108659744263,1.6318883895874023,,0.026263952255249023,2.54758882522583,1.9910521507263184,8.107669591903687,1.6964070796966553,
