LIB,Filename,Entry-point,1,2,2-s,3,3-s,1+2,1+2_s,1+3,1+3_s,1+2+3,loc,all-sens pos,ct-verify pass?,Taint pass?,taint res,High taint pass?,Is_high_taint_1_2_pass
libsodium,ChaCha20,crypto_stream_chacha20,2.551801919937134,10.792719841003418,11.276644229888916,11.139430046081543,11.554352521896362,14.023567199707031,14.681634664535522,14.375957489013672,14.36898159980774,14.718192100524902,6670,259,Verified!,Still Have Leak!,2,Verified!,Verified!
