LIB,Filename,Entry-point,2,2_s,3,3-s,1+2,1+2_s,1+3,1+3_s
libsodium,ChaCha20,crypto_stream_chacha20,1.4468612670898438,1.6281204223632812,1.6334314346313477,2.030898332595825,1.782940149307251,1.8385632038116455,1.6318883895874023,1.6964070796966553
