LIB,Filename,Entry-point,add-key,taint-analysis,ept3,2-generatebpl,2-product,2-verify,ept7,2-s-generatebpl,2-s-product,2-s-verify,ept11,3-generatebpl,3-product,3-verify,ept15,3-s-generatebpl,3-s-product,3-s-verify,ept19,1+2-addkey,1+2-taint-analysis,1+2-generatebpl,1+2-product,1+2-verify,ept25,1+2-s-addkey,1+2-s-taint-analysis,1+2-s-generatebpl,1+2-s-product,1+2-s-verify,ept31,1+3-addkey,1+3-taint-analysis,1+3-generatebpl,1+3-product,1+3-verify,ept37,1+3_s-addkey,1+3_s-taint-analysis,1+3_s-generatebpl,1+3_s-product,1+3_s-verify,ept43
BearSSL,RSA_i32,decrypt,0.023628950119018555,0.18005990982055664,,1.5795323848724365,6.8235390186309814,4.975309610366821,,1.573843240737915,6.991014003753662,5.2209460735321045,,1.596956491470337,6.92682671546936,5.450314521789551,,1.6056342124938965,6.9620702266693115,7.856245756149292,,0.019925594329833984,0.1872391700744629,1.7624824047088623,7.024441480636597,4.965223789215088,,0.020673274993896484,0.17717409133911133,1.7421298027038574,6.968599557876587,5.109938621520996,,0.0168459415435791,0.18172669410705566,1.7244184017181396,6.9949119091033936,5.323427677154541,,0.02176833152770996,0.17800259590148926,1.7363362312316895,6.949728727340698,5.25531005859375,
