LIB,Filename,Entry-point,1,2,2-s,3,3-s,1+2,1+2_s,1+3,1+3_s,1+2+3,loc,all-sens pos,ct-verify pass?,Taint pass?,taint res,High taint pass?,Is_high_taint_1_2_pass
BearSSL,RSA_i32,decrypt,0.2036888599395752,13.37838101387024,13.785803318023682,13.974097728729248,16.4239501953125,13.959312438964844,14.018515348434448,14.241330623626709,14.141145944595337,33.804327726364136,4170,179,Still Have Leak!,Still Have Leak!,63,Still Have Leak!,Still Have Leak!
