LIB,Filename,Entry-point,2,2_s,3,3-s,1+2,1+2_s,1+3,1+3_s
BearSSL,RSA_i32,decrypt,4.975309610366821,5.2209460735321045,5.450314521789551,7.856245756149292,4.965223789215088,5.109938621520996,5.323427677154541,5.25531005859375
