LIB,Filename,Entry-point,add-key,taint-analysis,ept3,2-generatebpl,2-product,2-verify,ept7,2-s-generatebpl,2-s-product,2-s-verify,ept11,3-generatebpl,3-product,3-verify,ept15,3-s-generatebpl,3-s-product,3-s-verify,ept19,1+2-addkey,1+2-taint-analysis,1+2-generatebpl,1+2-product,1+2-verify,ept25,1+2-s-addkey,1+2-s-taint-analysis,1+2-s-generatebpl,1+2-s-product,1+2-s-verify,ept31,1+3-addkey,1+3-taint-analysis,1+3-generatebpl,1+3-product,1+3-verify,ept37,1+3_s-addkey,1+3_s-taint-analysis,1+3_s-generatebpl,1+3_s-product,1+3_s-verify,ept43
curve25519-donna,c64,curve25519_donna,0.04832148551940918,13.541140794754028,,7.227395296096802,18.220362186431885,5.181680202484131,,7.227382183074951,18.470258951187134,14.58575439453125,,7.4118852615356445,18.437594652175903,7.330428600311279,,7.169947862625122,17.915554523468018,49.303600788116455,,0.04537463188171387,10.847238063812256,9.27411961555481,18.078834772109985,4.260372161865234,,0.05345511436462402,13.47912049293518,9.504390001296997,18.634149312973022,4.142789125442505,,0.04699230194091797,11.486022472381592,9.586104393005371,17.923826456069946,3.958514928817749,,0.051459550857543945,13.46628737449646,9.615538597106934,17.974399089813232,3.9907116889953613,
