LIB,Filename,Entry-point,1,2,2-s,3,3-s,1+2,1+2_s,1+3,1+3_s,1+2+3,loc,all-sens pos,ct-verify pass?,Taint pass?,taint res,High taint pass?,Is_high_taint_1_2_pass
curve25519-donna,c64,curve25519_donna,13.589462280273438,30.629437685012817,40.283395528793335,33.17990851402283,74.3891031742096,10.89261269569397,13.532575607299805,11.53301477432251,13.517746925354004,13.461300373077393,23936,1599,Verified!,Verified!,0,Verified!,Verified!
