LIB,Filename,Entry-point,2,2_s,3,3-s,1+2,1+2_s,1+3,1+3_s
curve25519-donna,c64,curve25519_donna,5.181680202484131,14.58575439453125,7.330428600311279,49.303600788116455,4.260372161865234,4.142789125442505,3.958514928817749,3.9907116889953613
