LIB,Filename,Entry-point,add-key,taint-analysis,ept3,1+2-addkey,1+2-taint-analysis,1+2-generatebpl,1+2-product,1+2-verify,ept9,1+3-addkey,1+3-taint-analysis,1+3-generatebpl,1+3-product,1+3-verify,ept15
hacl,curve25519-51,Hacl_Curve25519_51_ecdh,0.03658604621887207,0.6124117374420166,,0.033109426498413086,0.6633241176605225,4.905959844589233,20.48451852798462,13450.595628976822,,0.03343796730041504,0.6162068843841553,4.762248516082764,18.94365882873535,11490.951168060303,
hacl,curve25519-51,Hacl_Curve25519_51_scalarmult,0.034993648529052734,0.5857186317443848,,0.035764217376708984,0.6300003528594971,4.732136964797974,19.363370656967163,9804.70494890213,,0.03654026985168457,0.6022260189056396,4.613674879074097,18.617436170578003,11282.392539024353,
hacl,curve25519-51,Hacl_Curve25519_51_secret_to_public,0.030923128128051758,0.58412766456604,,0.03206896781921387,0.5978326797485352,4.58722448348999,19.501572132110596,9943.102454423904,,0.0353398323059082,0.614922285079956,4.7073376178741455,19.191606998443604,11315.473841905594,
