LIB,Filename,Entry-point,1,1+2,1+3,loc,all-sens pos,taint res,ept7,Is_high_taint_1_2_pass
hacl,curve25519-51,Hacl_Curve25519_51_ecdh,0.6489977836608887,0.6964335441589355,0.6496448516845703,21158,2313,0,,Verified!
hacl,curve25519-51,Hacl_Curve25519_51_scalarmult,0.6207122802734375,0.665764570236206,0.6387662887573242,20964,2310,0,,Verified!
hacl,curve25519-51,Hacl_Curve25519_51_secret_to_public,0.6150507926940918,0.629901647567749,0.6502621173858643,21046,2345,0,,Verified!
