LIB,Filename,Entry-point,1+2,1+3
hacl,curve25519-51,Hacl_Curve25519_51_ecdh,13450.595628976822,11490.951168060303
hacl,curve25519-51,Hacl_Curve25519_51_scalarmult,9804.70494890213,11282.392539024353
hacl,curve25519-51,Hacl_Curve25519_51_secret_to_public,9943.102454423904,11315.473841905594
