LIB,Filename,Entry-point,add-key,taint-analysis,ept3,2-generatebpl,2-product,2-verify,ept7,2-s-generatebpl,2-s-product,2-s-verify,ept11,3-generatebpl,3-product,3-verify,ept15,3-s-generatebpl,3-s-product,3-s-verify,ept19,1+2-addkey,1+2-taint-analysis,1+2-generatebpl,1+2-product,1+2-verify,ept25,1+2-s-addkey,1+2-s-taint-analysis,1+2-s-generatebpl,1+2-s-product,1+2-s-verify,ept31,1+3-addkey,1+3-taint-analysis,1+3-generatebpl,1+3-product,1+3-verify,ept37,1+3_s-addkey,1+3_s-taint-analysis,1+3_s-generatebpl,1+3_s-product,1+3_s-verify,ept43
MEE-CBC,mee-cbc,mee_cbc,0.03736519813537598,1.7391364574432373,,4.648314714431763,17.871559619903564,43.00300121307373,,4.609234094619751,18.20614790916443,57.27602744102478,,4.60428786277771,18.431707859039307,111.68670535087585,,4.568725347518921,18.19375443458557,182.0095820426941,,0.06513023376464844,1.3785998821258545,6.687095880508423,21.136494398117065,25.12751030921936,,0.04742932319641113,1.7521398067474365,6.505245208740234,21.794482231140137,36.94033694267273,,0.038184165954589844,1.1316518783569336,6.492860555648804,21.357196807861328,32.49473786354065,,0.043355464935302734,1.7406127452850342,6.334810018539429,21.222182035446167,31.74513554573059,
