LIB,Filename,Entry-point,1,2,2-s,3,3-s,1+2,1+2_s,1+3,1+3_s,1+2+3,loc,all-sens pos,ct-verify pass?,Taint pass?,taint res,High taint pass?,Is_high_taint_1_2_pass
MEE-CBC,mee-cbc,mee_cbc,1.7765016555786133,65.52287554740906,80.09140944480896,134.72270107269287,204.77206182479858,1.443730115890503,1.7995691299438477,1.1698360443115234,1.783968210220337,1.7738463878631592,22036,396,Verified!,Verified!,0,Verified!,Verified!
