LIB,Filename,Entry-point,2,2_s,3,3-s,1+2,1+2_s,1+3,1+3_s
MEE-CBC,mee-cbc,mee_cbc,43.00300121307373,57.27602744102478,111.68670535087585,182.0095820426941,25.12751030921936,36.94033694267273,32.49473786354065,31.74513554573059
