LIB,Filename,Entry-point,add-key,taint-analysis,ept3,1+2-addkey,1+2-taint-analysis,1+2-generatebpl,1+2-product,1+2-verify,ept9,1+3-addkey,1+3-taint-analysis,1+3-generatebpl,1+3-product,1+3-verify,ept15
hacl,HMAC,Hacl_HMAC_compute_sha2_256,0.4530060291290283,124.726078748703,,0.3657500743865967,108.429452419281,25.302946090698242,23.878120183944702,0.7496190071105957,,0.4514904022216797,121.385409116745,24.443675994873047,24.57366180419922,0.9009408950805664,
hacl,HMAC,Hacl_HMAC_compute_blake2b_32,0.44831275939941406,183.0955047607422,,0.36974453926086426,177.11089634895325,207.68081712722778,70.47849798202515,1.4411475658416748,,0.44711995124816895,178.65077662467957,231.55248308181763,71.60995864868164,1.663848638534546,
hacl,HMAC,Hacl_HMAC_legacy_compute_sha1,0.43843865394592285,215.51954078674316,,0.35250329971313477,104.04556775093079,3.6343562602996826,7.1258769035339355,0.4802572727203369,,0.3935661315917969,132.49808311462402,3.484583854675293,6.7430946826934814,0.47542810440063477,
hacl,HMAC,Hacl_HMAC_compute_blake2s_32,0.3982093334197998,196.82424902915955,,0.42179417610168457,169.29088425636292,121.95864033699036,54.00118923187256,1.5791871547698975,,0.3928823471069336,175.51306104660034,138.5725531578064,52.81493616104126,1.2911100387573242,
hacl,HMAC,Hacl_HMAC_compute_sha2_384,0.3573319911956787,115.31039953231812,,0.4041626453399658,108.78419232368469,44.025336027145386,31.20979380607605,1.1372509002685547,,0.3487551212310791,116.32468700408936,34.72533559799194,30.898601293563843,0.9355230331420898,
hacl,HMAC,Hacl_HMAC_compute_sha2_512,0.3512425422668457,116.68110585212708,,0.4344363212585449,122.41584753990173,35.001163959503174,30.22812557220459,1.1818146705627441,,0.358478307723999,116.45071077346802,32.88670039176941,29.705514907836914,0.8962821960449219,
