LIB,Filename,Entry-point,1+2,1+3
hacl,HMAC,Hacl_HMAC_compute_sha2_256,0.7496190071105957,0.9009408950805664
hacl,HMAC,Hacl_HMAC_compute_blake2b_32,1.4411475658416748,1.663848638534546
hacl,HMAC,Hacl_HMAC_legacy_compute_sha1,0.4802572727203369,0.47542810440063477
hacl,HMAC,Hacl_HMAC_compute_blake2s_32,1.5791871547698975,1.2911100387573242
hacl,HMAC,Hacl_HMAC_compute_sha2_384,1.1372509002685547,0.9355230331420898
hacl,HMAC,Hacl_HMAC_compute_sha2_512,1.1818146705627441,0.8962821960449219
