LIB,Filename,Entry-point,add-key,taint-analysis,ept3,2-generatebpl,2-product,2-verify,ept7,2-s-generatebpl,2-s-product,2-s-verify,ept11,3-generatebpl,3-product,3-verify,ept15,3-s-generatebpl,3-s-product,3-s-verify,ept19,1+2-addkey,1+2-taint-analysis,1+2-generatebpl,1+2-product,1+2-verify,ept25,1+2-s-addkey,1+2-s-taint-analysis,1+2-s-generatebpl,1+2-s-product,1+2-s-verify,ept31,1+3-addkey,1+3-taint-analysis,1+3-generatebpl,1+3-product,1+3-verify,ept37,1+3_s-addkey,1+3_s-taint-analysis,1+3_s-generatebpl,1+3_s-product,1+3_s-verify,ept43
libsodium,Sha256,crypto_hash_sha256,0.0343022346496582,11.830315828323364,,4.907567501068115,27.481319189071655,175.99095273017883,,4.898354768753052,28.261682987213135,89.60265779495239,,4.891839981079102,27.678918838500977,485.1942105293274,,4.800816297531128,28.38320541381836,82.28252387046814,,0.032732486724853516,12.797485113143921,8.175399541854858,31.016740322113037,54.410070180892944,,0.03434324264526367,12.456889629364014,8.508670568466187,32.53766489028931,79.21077990531921,,0.033867835998535156,11.756510972976685,8.280767917633057,31.557480573654175,79.05622959136963,,0.033080339431762695,11.052125453948975,8.808829307556152,32.987277030944824,46.92864489555359,
