LIB,Filename,Entry-point,2,2_s,3,3-s,1+2,1+2_s,1+3,1+3_s
libsodium,Sha256,crypto_hash_sha256,175.99095273017883,89.60265779495239,485.1942105293274,82.28252387046814,54.410070180892944,79.21077990531921,79.05622959136963,46.92864489555359
