LIB,Filename,Entry-point,add-key,taint-analysis,ept3,2-generatebpl,2-product,2-verify,ept7,2-s-generatebpl,2-s-product,2-s-verify,ept11,3-generatebpl,3-product,3-verify,ept15,3-s-generatebpl,3-s-product,3-s-verify,ept19,1+2-addkey,1+2-taint-analysis,1+2-generatebpl,1+2-product,1+2-verify,ept25,1+2-s-addkey,1+2-s-taint-analysis,1+2-s-generatebpl,1+2-s-product,1+2-s-verify,ept31,1+3-addkey,1+3-taint-analysis,1+3-generatebpl,1+3-product,1+3-verify,ept37,1+3_s-addkey,1+3_s-taint-analysis,1+3_s-generatebpl,1+3_s-product,1+3_s-verify,ept43
libfixedtimefixedpoint,fix_ln,fix_ln,0.08928036689758301,0.5319557189941406,,4.3649985790252686,14.486755132675171,2.057434320449829,,4.408341646194458,14.90605902671814,2.0537161827087402,,4.23835563659668,14.826196670532227,2.2949650287628174,,4.22358775138855,14.707592725753784,2.2302327156066895,,0.08586740493774414,0.5041244029998779,5.7596588134765625,17.28780221939087,2.029262065887451,,0.08558893203735352,0.5283269882202148,5.527904748916626,17.03020453453064,2.083132266998291,,0.08341813087463379,0.5245084762573242,5.877852439880371,16.86975860595703,2.0882091522216797,,0.0862271785736084,0.47832155227661133,5.612135648727417,16.669882774353027,2.2739968299865723,
