LIB,Filename,Entry-point,1,2,2-s,3,3-s,1+2,1+2_s,1+3,1+3_s,1+2+3,loc,all-sens pos,ct-verify pass?,Taint pass?,taint res,High taint pass?,Is_high_taint_1_2_pass
libfixedtimefixedpoint,fix_ln,fix_ln,0.6212360858917236,20.90918803215027,21.368116855621338,21.359517335891724,21.161413192749023,0.5899918079376221,0.6139159202575684,0.607926607131958,0.5645487308502197,0.5751128196716309,15200,0,Verified!,Verified!,0,Verified!,Verified!
