LIB,Filename,Entry-point,2,2_s,3,3-s,1+2,1+2_s,1+3,1+3_s
libfixedtimefixedpoint,fix_ln,fix_ln,2.057434320449829,2.0537161827087402,2.2949650287628174,2.2302327156066895,2.029262065887451,2.083132266998291,2.0882091522216797,2.2739968299865723
