LIB,Filename,Entry-point,add-key,taint-analysis,ept3,2-generatebpl,2-product,2-verify,ept7,2-s-generatebpl,2-s-product,2-s-verify,ept11,3-generatebpl,3-product,3-verify,ept15,3-s-generatebpl,3-s-product,3-s-verify,ept19,1+2-addkey,1+2-taint-analysis,1+2-generatebpl,1+2-product,1+2-verify,ept25,1+2-s-addkey,1+2-s-taint-analysis,1+2-s-generatebpl,1+2-s-product,1+2-s-verify,ept31,1+3-addkey,1+3-taint-analysis,1+3-generatebpl,1+3-product,1+3-verify,ept37,1+3_s-addkey,1+3_s-taint-analysis,1+3_s-generatebpl,1+3_s-product,1+3_s-verify,ept43
BearSSL,Poly1305_ctmul32_ChaCha20,run,0.01805877685546875,0.13396263122558594,,1.5342366695404053,7.299256086349487,2.487898588180542,,1.4952771663665771,7.572981834411621,3.452357769012451,,1.5161852836608887,7.584869861602783,5.3858866691589355,,1.488870620727539,7.532121181488037,14.597845554351807,,0.013524293899536133,0.1310276985168457,1.684504747390747,7.611227989196777,2.1722474098205566,,0.016713619232177734,0.1356351375579834,1.6819891929626465,7.586005687713623,2.2041797637939453,,0.021619081497192383,0.13756179809570312,1.6858007907867432,7.432805299758911,2.0962181091308594,,0.017559528350830078,0.13653802871704102,1.664994716644287,7.456851005554199,2.116100311279297,
