LIB,Filename,Entry-point,1,2,2-s,3,3-s,1+2,1+2_s,1+3,1+3_s,1+2+3,loc,all-sens pos,ct-verify pass?,Taint pass?,taint res,High taint pass?,Is_high_taint_1_2_pass
BearSSL,Poly1305_ctmul32_ChaCha20,run,0.1520214080810547,11.321391344070435,12.52061676979065,14.486941814422607,23.618837356567383,0.14455199241638184,0.15234875679016113,0.1591808795928955,0.1540975570678711,0.16265201568603516,4802,425,Verified!,Verified!,0,Verified!,Verified!
