LIB,Filename,Entry-point,2,2_s,3,3-s,1+2,1+2_s,1+3,1+3_s
BearSSL,Poly1305_ctmul32_ChaCha20,run,2.487898588180542,3.452357769012451,5.3858866691589355,14.597845554351807,2.1722474098205566,2.2041797637939453,2.0962181091308594,2.116100311279297
