LIB,Filename,Entry-point,add-key,taint-analysis,ept3,2-generatebpl,2-product,2-verify,ept7,2-s-generatebpl,2-s-product,2-s-verify,ept11,3-generatebpl,3-product,3-verify,ept15,3-s-generatebpl,3-s-product,3-s-verify,ept19,1+2-addkey,1+2-taint-analysis,1+2-generatebpl,1+2-product,1+2-verify,ept25,1+2-s-addkey,1+2-s-taint-analysis,1+2-s-generatebpl,1+2-s-product,1+2-s-verify,ept31,1+3-addkey,1+3-taint-analysis,1+3-generatebpl,1+3-product,1+3-verify,ept37,1+3_s-addkey,1+3_s-taint-analysis,1+3_s-generatebpl,1+3_s-product,1+3_s-verify,ept43
BearSSL,RSA_i31_pkcs1,sign,0.02401280403137207,0.31454038619995117,,1.8684303760528564,7.469876766204834,15.43772578239441,,1.9001951217651367,7.627699613571167,22.396170377731323,,1.8894262313842773,7.694884538650513,21.38449740409851,,1.9343571662902832,7.682658433914185,16.97397541999817,,0.02271723747253418,0.3083651065826416,2.3112776279449463,7.710560083389282,9.259148359298706,,0.0178525447845459,0.32046008110046387,2.352226972579956,7.957675218582153,10.509955167770386,,0.02589249610900879,0.31731677055358887,2.349959135055542,7.856579542160034,13.180381059646606,,0.02755880355834961,0.311342716217041,2.303819417953491,7.8692405223846436,18.11520767211914,
