LIB,Filename,Entry-point,2,2_s,3,3-s,1+2,1+2_s,1+3,1+3_s
BearSSL,RSA_i31_pkcs1,sign,15.43772578239441,22.396170377731323,21.38449740409851,16.97397541999817,9.259148359298706,10.509955167770386,13.180381059646606,18.11520767211914
