LIB,Filename,Entry-point,add-key,taint-analysis,ept3,2-generatebpl,2-product,2-verify,ept7,2-s-generatebpl,2-s-product,2-s-verify,ept11,3-generatebpl,3-product,3-verify,ept15,3-s-generatebpl,3-s-product,3-s-verify,ept19,1+2-addkey,1+2-taint-analysis,1+2-generatebpl,1+2-product,1+2-verify,ept25,1+2-s-addkey,1+2-s-taint-analysis,1+2-s-generatebpl,1+2-s-product,1+2-s-verify,ept31,1+3-addkey,1+3-taint-analysis,1+3-generatebpl,1+3-product,1+3-verify,ept37,1+3_s-addkey,1+3_s-taint-analysis,1+3_s-generatebpl,1+3_s-product,1+3_s-verify,ept43
BearSSL,AES_small,decrypt,0.022579193115234375,0.07658004760742188,,1.28971266746521,6.172343969345093,1.1837635040283203,,1.2857296466827393,6.123172044754028,1.2215640544891357,,1.3491878509521484,6.207783937454224,1.2622489929199219,,1.2962439060211182,6.247203350067139,1.370335578918457,,0.01640176773071289,0.0753483772277832,1.368898630142212,5.847208261489868,1.1976542472839355,,0.02016758918762207,0.0750575065612793,1.3358948230743408,6.193606615066528,1.1396887302398682,,0.018011093139648438,0.07691502571105957,1.32448410987854,6.129274129867554,1.1954493522644043,,0.0206453800201416,0.06853532791137695,1.3116302490234375,6.13439679145813,1.1512627601623535,
BearSSL,AES_small,encrypt,0.019201278686523438,0.07398128509521484,,1.3317413330078125,5.312772035598755,0.9482645988464355,,1.2734928131103516,5.319273948669434,0.9516026973724365,,1.2719171047210693,5.333893060684204,1.0002660751342773,,1.285278558731079,5.3399271965026855,1.060882568359375,,0.014842748641967773,0.07422566413879395,1.320446491241455,5.278093338012695,0.9324252605438232,,0.01956486701965332,0.07328295707702637,1.2853047847747803,5.365582704544067,0.9241795539855957,,0.0217742919921875,0.0667121410369873,1.3129100799560547,5.348191738128662,0.9396696090698242,,0.01336669921875,0.07415008544921875,1.3005385398864746,5.345224380493164,0.9291632175445557,
