LIB,Filename,Entry-point,2,2_s,3,3-s,1+2,1+2_s,1+3,1+3_s
BearSSL,AES_small,decrypt,1.1837635040283203,1.2215640544891357,1.2622489929199219,1.370335578918457,1.1976542472839355,1.1396887302398682,1.1954493522644043,1.1512627601623535
BearSSL,AES_small,encrypt,0.9482645988464355,0.9516026973724365,1.0002660751342773,1.060882568359375,0.9324252605438232,0.9241795539855957,0.9396696090698242,0.9291632175445557
