LIB,Filename,Entry-point,add-key,taint-analysis,ept3,2-generatebpl,2-product,2-verify,ept7,2-s-generatebpl,2-s-product,2-s-verify,ept11,3-generatebpl,3-product,3-verify,ept15,3-s-generatebpl,3-s-product,3-s-verify,ept19,1+2-addkey,1+2-taint-analysis,1+2-generatebpl,1+2-product,1+2-verify,ept25,1+2-s-addkey,1+2-s-taint-analysis,1+2-s-generatebpl,1+2-s-product,1+2-s-verify,ept31,1+3-addkey,1+3-taint-analysis,1+3-generatebpl,1+3-product,1+3-verify,ept37,1+3_s-addkey,1+3_s-taint-analysis,1+3_s-generatebpl,1+3_s-product,1+3_s-verify,ept43
BearSSL,Poly1305_i15_ChaCha20,run,0.019577741622924805,0.0910332202911377,,1.4024689197540283,6.894867897033691,2.05098032951355,,1.3981494903564453,7.167853832244873,2.574453353881836,,1.3979942798614502,6.999940872192383,3.985417127609253,,1.4178378582000732,7.17207670211792,5.6395628452301025,,0.016945600509643555,0.09270048141479492,1.4972877502441406,6.883570909500122,1.8125829696655273,,0.02055811882019043,0.09643840789794922,1.5126748085021973,6.965001106262207,1.8743617534637451,,0.014254093170166016,0.09346747398376465,1.5326979160308838,6.840353012084961,1.7936739921569824,,0.015919923782348633,0.09802460670471191,1.5724060535430908,6.778857946395874,1.7443952560424805,
