LIB,Filename,Entry-point,1,2,2-s,3,3-s,1+2,1+2_s,1+3,1+3_s,1+2+3,loc,all-sens pos,ct-verify pass?,Taint pass?,taint res,High taint pass?,Is_high_taint_1_2_pass
BearSSL,Poly1305_i15_ChaCha20,run,0.1106109619140625,10.34831714630127,11.140456676483154,12.383352279663086,14.229477405548096,0.10964608192443848,0.11699652671813965,0.10772156715393066,0.11394453048706055,0.11421465873718262,3409,347,Verified!,Verified!,0,Verified!,Verified!
