LIB,Filename,Entry-point,2,2_s,3,3-s,1+2,1+2_s,1+3,1+3_s
BearSSL,Poly1305_i15_ChaCha20,run,2.05098032951355,2.574453353881836,3.985417127609253,5.6395628452301025,1.8125829696655273,1.8743617534637451,1.7936739921569824,1.7443952560424805
