LIB,Filename,Entry-point,add-key,taint-analysis,ept3,2-generatebpl,2-product,2-verify,ept7,2-s-generatebpl,2-s-product,2-s-verify,ept11,3-generatebpl,3-product,3-verify,ept15,3-s-generatebpl,3-s-product,3-s-verify,ept19,1+2-addkey,1+2-taint-analysis,1+2-generatebpl,1+2-product,1+2-verify,ept25,1+2-s-addkey,1+2-s-taint-analysis,1+2-s-generatebpl,1+2-s-product,1+2-s-verify,ept31,1+3-addkey,1+3-taint-analysis,1+3-generatebpl,1+3-product,1+3-verify,ept37,1+3_s-addkey,1+3_s-taint-analysis,1+3_s-generatebpl,1+3_s-product,1+3_s-verify,ept43
libfixedtimefixedpoint,fix_cmp,fix_cmp,0.09495329856872559,0.5090625286102295,,1.2812871932983398,5.2415080070495605,0.8477866649627686,,1.3146309852600098,5.206283807754517,0.8365421295166016,,1.2972464561462402,5.282485723495483,0.8392412662506104,,1.316166877746582,5.219255685806274,0.8194100856781006,,0.08427953720092773,0.4293539524078369,1.4983665943145752,5.191365480422974,0.851179838180542,,0.0908362865447998,0.4777507781982422,1.5075531005859375,5.296341896057129,0.8732998371124268,,0.08710432052612305,0.49735355377197266,1.4833965301513672,5.299705743789673,0.8563182353973389,,0.08927440643310547,0.5010991096496582,1.5025746822357178,5.30901026725769,0.872711181640625,
