LIB,Filename,Entry-point,1,2,2-s,3,3-s,1+2,1+2_s,1+3,1+3_s,1+2+3,loc,all-sens pos,ct-verify pass?,Taint pass?,taint res,High taint pass?,Is_high_taint_1_2_pass
libfixedtimefixedpoint,fix_cmp,fix_cmp,0.6040158271789551,7.370581865310669,7.357456922531128,7.418973445892334,7.354832649230957,0.5136334896087646,0.568587064743042,0.5844578742980957,0.5903735160827637,0.5412111282348633,591,0,Verified!,Verified!,0,Verified!,Verified!
