LIB,Filename,Entry-point,2,2_s,3,3-s,1+2,1+2_s,1+3,1+3_s
libfixedtimefixedpoint,fix_cmp,fix_cmp,0.8477866649627686,0.8365421295166016,0.8392412662506104,0.8194100856781006,0.851179838180542,0.8732998371124268,0.8563182353973389,0.872711181640625
