LIB,Filename,Entry-point,add-key,taint-analysis,ept3,2-generatebpl,2-product,2-verify,ept7,2-s-generatebpl,2-s-product,2-s-verify,ept11,3-generatebpl,3-product,3-verify,ept15,3-s-generatebpl,3-s-product,3-s-verify,ept19,1+2-addkey,1+2-taint-analysis,1+2-generatebpl,1+2-product,1+2-verify,ept25,1+2-s-addkey,1+2-s-taint-analysis,1+2-s-generatebpl,1+2-s-product,1+2-s-verify,ept31,1+3-addkey,1+3-taint-analysis,1+3-generatebpl,1+3-product,1+3-verify,ept37,1+3_s-addkey,1+3_s-taint-analysis,1+3_s-generatebpl,1+3_s-product,1+3_s-verify,ept43
Tongsuo,constant_primitive,constant_time_lookup,0.02211737632751465,0.040868520736694336,,1.107165813446045,5.38838005065918,0.9633657932281494,,1.0728213787078857,5.408040761947632,0.8905198574066162,,1.1055362224578857,5.387484550476074,0.9312522411346436,,1.0719830989837646,5.345441102981567,0.9349982738494873,,0.008509159088134766,0.02918243408203125,1.079974889755249,5.166899919509888,0.8620076179504395,,0.01095890998840332,0.034148454666137695,1.104665756225586,5.360378742218018,0.8822863101959229,,0.014045238494873047,0.040087223052978516,1.073753833770752,5.488489389419556,0.9235508441925049,,0.011404752731323242,0.03923630714416504,1.119293451309204,5.385998487472534,0.9453964233398438,
