LIB,Filename,Entry-point,1,2,2-s,3,3-s,1+2,1+2_s,1+3,1+3_s,1+2+3,loc,all-sens pos,ct-verify pass?,Taint pass?,taint res,High taint pass?,Is_high_taint_1_2_pass
Tongsuo,constant_primitive,constant_time_lookup,0.06298589706420898,7.458911657333374,7.371381998062134,7.4242730140686035,7.352422475814819,0.037691593170166016,0.045107364654541016,0.05413246154785156,0.05064105987548828,0.04387235641479492,339,5,Verified!,Verified!,0,Verified!,Verified!
