LIB,Filename,Entry-point,2,2_s,3,3-s,1+2,1+2_s,1+3,1+3_s
Tongsuo,constant_primitive,constant_time_lookup,0.9633657932281494,0.8905198574066162,0.9312522411346436,0.9349982738494873,0.8620076179504395,0.8822863101959229,0.9235508441925049,0.9453964233398438
