LIB,Filename,Entry-point,add-key,taint-analysis,ept3,2-generatebpl,2-product,2-verify,ept7,2-s-generatebpl,2-s-product,2-s-verify,ept11,3-generatebpl,3-product,3-verify,ept15,3-s-generatebpl,3-s-product,3-s-verify,ept19,1+2-addkey,1+2-taint-analysis,1+2-generatebpl,1+2-product,1+2-verify,ept25,1+2-s-addkey,1+2-s-taint-analysis,1+2-s-generatebpl,1+2-s-product,1+2-s-verify,ept31,1+3-addkey,1+3-taint-analysis,1+3-generatebpl,1+3-product,1+3-verify,ept37,1+3_s-addkey,1+3_s-taint-analysis,1+3_s-generatebpl,1+3_s-product,1+3_s-verify,ept43
libsodium,Poly1305,crypto_onetimeauth_poly1305_donna,0.025295019149780273,0.12702703475952148,,1.4236500263214111,5.8998799324035645,1.3598675727844238,,1.422290563583374,6.083628416061401,1.7683453559875488,,1.3988194465637207,6.043052673339844,1.864931344985962,,1.4333088397979736,6.038561582565308,1.8098840713500977,,0.01571965217590332,0.1244955062866211,1.4918243885040283,6.017638206481934,1.4068982601165771,,0.027252674102783203,0.13031435012817383,1.535888910293579,6.101613998413086,1.4221925735473633,,0.019855260848999023,0.13444852828979492,1.4549310207366943,5.97816014289856,1.7744851112365723,,0.021368026733398438,0.1294705867767334,1.5246977806091309,6.2417919635772705,1.5965120792388916,
