LIB,Filename,Entry-point,1,2,2-s,3,3-s,1+2,1+2_s,1+3,1+3_s,1+2+3,loc,all-sens pos,ct-verify pass?,Taint pass?,taint res,High taint pass?,Is_high_taint_1_2_pass
libsodium,Poly1305,crypto_onetimeauth_poly1305_donna,0.15232205390930176,8.6833975315094,9.274264335632324,9.306803464889526,9.281754493713379,9.056576013565063,9.217262506484985,9.36188006401062,9.513840436935425,19.75086236000061,2034,80,Still Have Leak!,Still Have Leak!,20,Still Have Leak!,Still Have Leak!
