LIB,Filename,Entry-point,2,2_s,3,3-s,1+2,1+2_s,1+3,1+3_s
libsodium,Poly1305,crypto_onetimeauth_poly1305_donna,1.3598675727844238,1.7683453559875488,1.864931344985962,1.8098840713500977,1.4068982601165771,1.4221925735473633,1.7744851112365723,1.5965120792388916
