LIB,Filename,Entry-point,add-key,taint-analysis,ept3,2-generatebpl,2-product,2-verify,ept7,2-s-generatebpl,2-s-product,2-s-verify,ept11,3-generatebpl,3-product,3-verify,ept15,3-s-generatebpl,3-s-product,3-s-verify,ept19,1+2-addkey,1+2-taint-analysis,1+2-generatebpl,1+2-product,1+2-verify,ept25,1+2-s-addkey,1+2-s-taint-analysis,1+2-s-generatebpl,1+2-s-product,1+2-s-verify,ept31,1+3-addkey,1+3-taint-analysis,1+3-generatebpl,1+3-product,1+3-verify,ept37,1+3_s-addkey,1+3_s-taint-analysis,1+3_s-generatebpl,1+3_s-product,1+3_s-verify,ept43
libsodium,Salsa20,crypto_core_salsa20,0.0217287540435791,0.11928319931030273,,1.2092645168304443,5.64314079284668,1.129695177078247,,1.2544593811035156,5.516278505325317,1.0834829807281494,,1.234621524810791,5.568273067474365,1.1705682277679443,,1.2008798122406006,5.694449186325073,1.1719586849212646,,0.019922494888305664,0.11492276191711426,1.3866140842437744,5.765403747558594,1.1287024021148682,,0.019115447998046875,0.11376619338989258,1.3953285217285156,5.809703350067139,1.0846376419067383,,0.02006220817565918,0.10885190963745117,1.3702187538146973,5.797478199005127,1.0823090076446533,,0.027648448944091797,0.11312556266784668,1.3516223430633545,5.620927810668945,1.0858795642852783,
