LIB,Filename,Entry-point,2,2_s,3,3-s,1+2,1+2_s,1+3,1+3_s
libsodium,Salsa20,crypto_core_salsa20,1.129695177078247,1.0834829807281494,1.1705682277679443,1.1719586849212646,1.1287024021148682,1.0846376419067383,1.0823090076446533,1.0858795642852783
