LIB,Filename,Entry-point,1,2,2-s,3,3-s,1+2,1+2_s,1+3,1+3_s,1+2+3,loc,all-sens pos,ct-verify pass?,Taint pass?,taint res,High taint pass?,Is_high_taint_1_2_pass
BearSSL,AES_ct,bitslice_encrypt,0.06787419319152832,7.667248010635376,7.8278021812438965,7.7893500328063965,7.902403116226196,0.0685129165649414,0.08906936645507812,0.07071518898010254,0.07864737510681152,0.08295941352844238,1345,60,Verified!,Verified!,0,Verified!,Verified!
BearSSL,AES_ct,bitslice_decrypt,0.07604122161865234,7.889507055282593,8.244603395462036,8.21529746055603,8.32805323600769,0.07733154296875,0.07818341255187988,0.0736091136932373,0.06210470199584961,0.07418370246887207,1788,72,Verified!,Verified!,0,Verified!,Verified!
BearSSL,AES_ct,key_sched,0.07994222640991211,8.205379962921143,8.815032243728638,8.6600821018219,8.800066232681274,0.06917786598205566,0.08992934226989746,0.08071517944335938,0.07139062881469727,0.08764195442199707,2161,100,Verified!,Verified!,0,Verified!,Verified!
