LIB,Filename,Entry-point,2,2_s,3,3-s,1+2,1+2_s,1+3,1+3_s
BearSSL,AES_ct,bitslice_encrypt,1.0548310279846191,1.038076400756836,0.9979703426361084,1.0667800903320312,0.9377825260162354,0.9671707153320312,0.9621267318725586,0.92755126953125
BearSSL,AES_ct,bitslice_decrypt,1.043278694152832,1.1164028644561768,1.104579210281372,1.1894259452819824,1.0345029830932617,1.0458261966705322,1.0328843593597412,1.0087008476257324
BearSSL,AES_ct,key_sched,1.2830209732055664,1.5996441841125488,1.4609475135803223,1.666990041732788,1.2007875442504883,1.2086119651794434,1.201918601989746,1.221705436706543
