LIB,Filename,Entry-point,add-key,taint-analysis,ept3,2-generatebpl,2-product,2-verify,ept7,2-s-generatebpl,2-s-product,2-s-verify,ept11,3-generatebpl,3-product,3-verify,ept15,3-s-generatebpl,3-s-product,3-s-verify,ept19,1+2-addkey,1+2-taint-analysis,1+2-generatebpl,1+2-product,1+2-verify,ept25,1+2-s-addkey,1+2-s-taint-analysis,1+2-s-generatebpl,1+2-s-product,1+2-s-verify,ept31,1+3-addkey,1+3-taint-analysis,1+3-generatebpl,1+3-product,1+3-verify,ept37,1+3_s-addkey,1+3_s-taint-analysis,1+3_s-generatebpl,1+3_s-product,1+3_s-verify,ept43
BearSSL,Poly1305_ctmulq_ChaCha20,run,0.026047229766845703,0.15529346466064453,,1.8042693138122559,8.15346097946167,2.592297077178955,,1.8542001247406006,8.197269439697266,3.6555116176605225,,1.790295124053955,8.170907497406006,3.8956329822540283,,1.775339126586914,8.156345129013062,15.696864128112793,,0.01908564567565918,0.1499321460723877,2.093933343887329,8.206115484237671,2.3247873783111572,,0.030823945999145508,0.15270757675170898,2.083003520965576,8.217854976654053,2.4094955921173096,,0.0266268253326416,0.1549358367919922,2.088388442993164,8.161978006362915,2.352572202682495,,0.027550220489501953,0.16017651557922363,2.151787519454956,8.135772466659546,2.3272645473480225,
