LIB,Filename,Entry-point,1,2,2-s,3,3-s,1+2,1+2_s,1+3,1+3_s,1+2+3,loc,all-sens pos,ct-verify pass?,Taint pass?,taint res,High taint pass?,Is_high_taint_1_2_pass
BearSSL,Poly1305_ctmulq_ChaCha20,run,0.18134069442749023,12.55002737045288,13.706981182098389,13.85683560371399,25.62854838371277,0.16901779174804688,0.1835315227508545,0.1815626621246338,0.18772673606872559,0.18372106552124023,6761,415,Verified!,Verified!,0,Verified!,Verified!
