LIB,Filename,Entry-point,2,2_s,3,3-s,1+2,1+2_s,1+3,1+3_s
BearSSL,Poly1305_ctmulq_ChaCha20,run,2.592297077178955,3.6555116176605225,3.8956329822540283,15.696864128112793,2.3247873783111572,2.4094955921173096,2.352572202682495,2.3272645473480225
