LIB,Filename,Entry-point,add-key,taint-analysis,ept3,2-generatebpl,2-product,2-verify,ept7,2-s-generatebpl,2-s-product,2-s-verify,ept11,3-generatebpl,3-product,3-verify,ept15,3-s-generatebpl,3-s-product,3-s-verify,ept19,1+2-addkey,1+2-taint-analysis,1+2-generatebpl,1+2-product,1+2-verify,ept25,1+2-s-addkey,1+2-s-taint-analysis,1+2-s-generatebpl,1+2-s-product,1+2-s-verify,ept31,1+3-addkey,1+3-taint-analysis,1+3-generatebpl,1+3-product,1+3-verify,ept37,1+3_s-addkey,1+3_s-taint-analysis,1+3_s-generatebpl,1+3_s-product,1+3_s-verify,ept43
BearSSL,GHASH_ctmul32,br_ghash_ctmul,0.018477439880371094,0.21832513809204102,,1.3677313327789307,6.454915285110474,1.353844165802002,,1.3013637065887451,6.267460346221924,1.3442144393920898,,1.3213272094726562,6.276439905166626,1.4461328983306885,,1.336385726928711,6.322920799255371,1.8273093700408936,,0.011081695556640625,0.19368624687194824,1.3830032348632812,6.403211832046509,1.332887887954712,,0.017221450805664062,0.2178335189819336,1.3963613510131836,6.30701208114624,1.293199062347412,,0.0183713436126709,0.20896005630493164,1.3842048645019531,6.242411851882935,1.2900571823120117,,0.023279666900634766,0.2008678913116455,1.3948945999145508,6.270508289337158,1.3055732250213623,
