LIB,Filename,Entry-point,1,2,2-s,3,3-s,1+2,1+2_s,1+3,1+3_s,1+2+3,loc,all-sens pos,ct-verify pass?,Taint pass?,taint res,High taint pass?,Is_high_taint_1_2_pass
BearSSL,GHASH_ctmul32,br_ghash_ctmul,0.2368025779724121,9.176490783691406,8.913038492202759,9.04390001296997,9.486615896224976,0.20476794242858887,0.23505496978759766,0.22733139991760254,0.22414755821228027,0.2597682476043701,2588,202,Verified!,Verified!,0,Verified!,Verified!
