LIB,Filename,Entry-point,2,2_s,3,3-s,1+2,1+2_s,1+3,1+3_s
BearSSL,GHASH_ctmul32,br_ghash_ctmul,1.353844165802002,1.3442144393920898,1.4461328983306885,1.8273093700408936,1.332887887954712,1.293199062347412,1.2900571823120117,1.3055732250213623
