LIB,Filename,Entry-point,add-key,taint-analysis,ept3,2-generatebpl,2-product,2-verify,ept7,2-s-generatebpl,2-s-product,2-s-verify,ept11,3-generatebpl,3-product,3-verify,ept15,3-s-generatebpl,3-s-product,3-s-verify,ept19,1+2-addkey,1+2-taint-analysis,1+2-generatebpl,1+2-product,1+2-verify,ept25,1+2-s-addkey,1+2-s-taint-analysis,1+2-s-generatebpl,1+2-s-product,1+2-s-verify,ept31,1+3-addkey,1+3-taint-analysis,1+3-generatebpl,1+3-product,1+3-verify,ept37,1+3_s-addkey,1+3_s-taint-analysis,1+3_s-generatebpl,1+3_s-product,1+3_s-verify,ept43
BearSSL,EC_25519_i15,api_mul,0.027804136276245117,0.08219432830810547,,1.507948637008667,6.820278167724609,8.514690160751343,,1.5049378871917725,6.99692702293396,9.333518743515015,,1.5256586074829102,7.023820400238037,21.86036705970764,,1.5109000205993652,6.996617794036865,10.410556316375732,,0.012138843536376953,0.07536554336547852,1.5765047073364258,6.75029444694519,6.9964988231658936,,0.01790904998779297,0.07935571670532227,1.583139419555664,6.858308553695679,7.832712173461914,,0.021471738815307617,0.08434534072875977,1.6266200542449951,6.902276515960693,7.555694341659546,,0.027178525924682617,0.07598114013671875,1.6125917434692383,6.8026909828186035,7.477269172668457,
