LIB,Filename,Entry-point,1,2,2-s,3,3-s,1+2,1+2_s,1+3,1+3_s,1+2+3,loc,all-sens pos,ct-verify pass?,Taint pass?,taint res,High taint pass?,Is_high_taint_1_2_pass
BearSSL,EC_25519_i15,api_mul,0.10999846458435059,16.84291696548462,17.835383653640747,30.40984606742859,18.918074131011963,0.08750438690185547,0.09726476669311523,0.10581707954406738,0.10315966606140137,0.10706591606140137,3053,191,Still Have Leak!,Verified!,0,Still Have Leak!,Verified!
