LIB,Filename,Entry-point,2,2_s,3,3-s,1+2,1+2_s,1+3,1+3_s
BearSSL,EC_25519_i15,api_mul,8.514690160751343,9.333518743515015,21.86036705970764,10.410556316375732,6.9964988231658936,7.832712173461914,7.555694341659546,7.477269172668457
