LIB,Filename,Entry-point,add-key,taint-analysis,ept3,2-generatebpl,2-product,2-verify,ept7,2-s-generatebpl,2-s-product,2-s-verify,ept11,3-generatebpl,3-product,3-verify,ept15,3-s-generatebpl,3-s-product,3-s-verify,ept19,1+2-addkey,1+2-taint-analysis,1+2-generatebpl,1+2-product,1+2-verify,ept25,1+2-s-addkey,1+2-s-taint-analysis,1+2-s-generatebpl,1+2-s-product,1+2-s-verify,ept31,1+3-addkey,1+3-taint-analysis,1+3-generatebpl,1+3-product,1+3-verify,ept37,1+3_s-addkey,1+3_s-taint-analysis,1+3_s-generatebpl,1+3_s-product,1+3_s-verify,ept43
BearSSL,DES_ct,cbc_decrypt,0.02377772331237793,0.06272530555725098,,1.4187283515930176,5.7816996574401855,1.0416419506072998,,1.3646419048309326,5.7668774127960205,1.1085476875305176,,1.3995161056518555,5.815037727355957,1.0463075637817383,,1.3911683559417725,5.8093907833099365,1.0798437595367432,,0.012287139892578125,0.05883526802062988,1.418506383895874,5.531736373901367,0.9931015968322754,,0.019082069396972656,0.06076693534851074,1.4945659637451172,5.851705312728882,1.0250401496887207,,0.018027544021606445,0.05347275733947754,1.4532780647277832,5.811736583709717,1.0291385650634766,,0.018390893936157227,0.062286376953125,1.4428250789642334,5.80852484703064,1.0215208530426025,
BearSSL,DES_ct,cbc_encrypt,0.015189886093139648,0.05979442596435547,,1.3934211730957031,5.747463941574097,1.0293080806732178,,1.3784410953521729,5.931522607803345,1.0902328491210938,,1.373373031616211,6.0769593715667725,1.0635886192321777,,1.382856845855713,5.954553604125977,1.0623059272766113,,0.015416622161865234,0.0583345890045166,1.4367377758026123,5.666780233383179,1.0693392753601074,,0.02052760124206543,0.05795788764953613,1.4798824787139893,5.905078172683716,1.028909683227539,,0.01522517204284668,0.057091712951660156,1.444256067276001,5.762033462524414,1.031747817993164,,0.01660013198852539,0.05249786376953125,1.4446678161621094,5.8975136280059814,1.0302472114562988,
