LIB,Filename,Entry-point,2,2_s,3,3-s,1+2,1+2_s,1+3,1+3_s
BearSSL,DES_ct,cbc_decrypt,1.0416419506072998,1.1085476875305176,1.0463075637817383,1.0798437595367432,0.9931015968322754,1.0250401496887207,1.0291385650634766,1.0215208530426025
BearSSL,DES_ct,cbc_encrypt,1.0293080806732178,1.0902328491210938,1.0635886192321777,1.0623059272766113,1.0693392753601074,1.028909683227539,1.031747817993164,1.0302472114562988
