LIB,Filename,Entry-point,add-key,taint-analysis,ept3,2-generatebpl,2-product,2-verify,ept7,2-s-generatebpl,2-s-product,2-s-verify,ept11,3-generatebpl,3-product,3-verify,ept15,3-s-generatebpl,3-s-product,3-s-verify,ept19,1+2-addkey,1+2-taint-analysis,1+2-generatebpl,1+2-product,1+2-verify,ept25,1+2-s-addkey,1+2-s-taint-analysis,1+2-s-generatebpl,1+2-s-product,1+2-s-verify,ept31,1+3-addkey,1+3-taint-analysis,1+3-generatebpl,1+3-product,1+3-verify,ept37,1+3_s-addkey,1+3_s-taint-analysis,1+3_s-generatebpl,1+3_s-product,1+3_s-verify,ept43
OpenSSL,tls1_cbc,remove_padding,0.018460750579833984,0.059919118881225586,,1.1262428760528564,5.253380537033081,0.9167277812957764,,1.1472480297088623,5.410069942474365,0.9509875774383545,,1.1521577835083008,5.383415699005127,0.9601860046386719,,1.148536205291748,5.407862424850464,0.952648401260376,,0.010910272598266602,0.05202007293701172,1.2431635856628418,5.221289873123169,0.8880963325500488,,0.01320195198059082,0.045126914978027344,1.2837727069854736,5.413115739822388,0.9248762130737305,,0.019457578659057617,0.05097484588623047,1.2403149604797363,5.403169870376587,0.9145851135253906,,0.020135164260864258,0.05677366256713867,1.2802884578704834,5.39426326751709,0.9272506237030029,
