LIB,Filename,Entry-point,1,2,2-s,3,3-s,1+2,1+2_s,1+3,1+3_s,1+2+3,loc,all-sens pos,ct-verify pass?,Taint pass?,taint res,High taint pass?,Is_high_taint_1_2_pass
OpenSSL,tls1_cbc,remove_padding,0.07837986946105957,7.296351194381714,7.508305549621582,7.4957594871521,7.509047031402588,7.415480136871338,7.68009352684021,7.628502368927002,7.678711175918579,7.638548851013184,1060,72,Verified!,Still Have Leak!,6,Verified!,Verified!
