LIB,Filename,Entry-point,2,2_s,3,3-s,1+2,1+2_s,1+3,1+3_s
OpenSSL,tls1_cbc,remove_padding,0.9167277812957764,0.9509875774383545,0.9601860046386719,0.952648401260376,0.8880963325500488,0.9248762130737305,0.9145851135253906,0.9272506237030029
