LIB,Filename,Entry-point,add-key,taint-analysis,ept3,2-generatebpl,2-product,2-verify,ept7,2-s-generatebpl,2-s-product,2-s-verify,ept11,3-generatebpl,3-product,3-verify,ept15,3-s-generatebpl,3-s-product,3-s-verify,ept19,1+2-addkey,1+2-taint-analysis,1+2-generatebpl,1+2-product,1+2-verify,ept25,1+2-s-addkey,1+2-s-taint-analysis,1+2-s-generatebpl,1+2-s-product,1+2-s-verify,ept31,1+3-addkey,1+3-taint-analysis,1+3-generatebpl,1+3-product,1+3-verify,ept37,1+3_s-addkey,1+3_s-taint-analysis,1+3_s-generatebpl,1+3_s-product,1+3_s-verify,ept43
libfixedtimefixedpoint,fix_pow,fix_pow,0.10490918159484863,0.8108377456665039,,5.3634631633758545,18.38758134841919,3605.431732416153,,5.279464960098267,18.62732696533203,3.6753697395324707,,5.4222235679626465,18.4880211353302,3623.387229204178,,5.3951334953308105,19.16674542427063,4.037946462631226,,0.08485174179077148,0.5538961887359619,9.397026062011719,21.7329580783844,3.2019460201263428,,0.10568404197692871,0.7358450889587402,9.06729531288147,22.551101446151733,3.7947936058044434,,0.11235308647155762,0.8286261558532715,8.781905889511108,21.627354383468628,3.383854389190674,,0.09990191459655762,0.8103961944580078,9.29447340965271,22.578805208206177,3.85526704788208,
