LIB,Filename,Entry-point,1,2,2-s,3,3-s,1+2,1+2_s,1+3,1+3_s,1+2+3,loc,all-sens pos,ct-verify pass?,Taint pass?,taint res,High taint pass?,Is_high_taint_1_2_pass
libfixedtimefixedpoint,fix_pow,fix_pow,0.9157469272613525,3629.182776927948,27.58216166496277,3647.2974739074707,28.599825382232666,0.6387479305267334,0.841529130935669,0.9409792423248291,0.9102981090545654,0.9344058036804199,24538,80,Still Have Leak!,Verified!,0,Still Have Leak!,Verified!
