LIB,Filename,Entry-point,2,2_s,3,3-s,1+2,1+2_s,1+3,1+3_s
libfixedtimefixedpoint,fix_pow,fix_pow,3605.431732416153,3.6753697395324707,3623.387229204178,4.037946462631226,3.2019460201263428,3.7947936058044434,3.383854389190674,3.85526704788208
