LIB,Filename,Entry-point,1,2,2-s,3,3-s,1+2,1+2_s,1+3,1+3_s,1+2+3,loc,all-sens pos,ct-verify pass?,Taint pass?,taint res,High taint pass?,Is_high_taint_1_2_pass
HACL,Poly1305,Hacl_Poly1305_32_poly1305_mac,0.09548211097717285,8.881546974182129,9.086793661117554,9.280454158782959,9.66572093963623,0.08644556999206543,0.08943343162536621,0.0826563835144043,0.08529448509216309,0.08618044853210449,2240,121,Verified!,Verified!,0,Verified!,Verified!
HACL,Poly1305,Hacl_Poly1305_128_poly1305_mac,0.04298090934753418,6.992521286010742,7.025514841079712,7.05114483833313,6.971415996551514,0.03804969787597656,0.037039756774902344,0.04573678970336914,0.045799970626831055,0.03954935073852539,72,0,Verified!,Verified!,0,Verified!,Verified!
HACL,Poly1305,Hacl_Poly1305_256_poly1305_mac,0.03815007209777832,6.880585432052612,6.880234718322754,6.929558277130127,6.916436433792114,0.03600168228149414,0.046707868576049805,0.041138410568237305,0.0414271354675293,0.039310455322265625,72,0,Verified!,Verified!,0,Verified!,Verified!
