LIB,Filename,Entry-point,2,2_s,3,3-s,1+2,1+2_s,1+3,1+3_s
HACL,Poly1305,Hacl_Poly1305_32_poly1305_mac,1.179675579071045,1.2733266353607178,1.5047307014465332,1.865135908126831,1.22529935836792,1.1822571754455566,1.110733985900879,1.1757667064666748
HACL,Poly1305,Hacl_Poly1305_128_poly1305_mac,0.857457160949707,0.8481638431549072,0.8588204383850098,0.8564457893371582,0.8344805240631104,0.8405604362487793,0.8116874694824219,0.8352396488189697
HACL,Poly1305,Hacl_Poly1305_256_poly1305_mac,0.7986981868743896,0.8376104831695557,0.8500959873199463,0.8666441440582275,0.8237884044647217,0.8509576320648193,0.8605942726135254,0.8578710556030273
