LIB,Filename,Entry-point,add-key,taint-analysis,ept3,2-generatebpl,2-product,2-verify,ept7,2-s-generatebpl,2-s-product,2-s-verify,ept11,3-generatebpl,3-product,3-verify,ept15,3-s-generatebpl,3-s-product,3-s-verify,ept19,1+2-addkey,1+2-taint-analysis,1+2-generatebpl,1+2-product,1+2-verify,ept25,1+2-s-addkey,1+2-s-taint-analysis,1+2-s-generatebpl,1+2-s-product,1+2-s-verify,ept31,1+3-addkey,1+3-taint-analysis,1+3-generatebpl,1+3-product,1+3-verify,ept37,1+3_s-addkey,1+3_s-taint-analysis,1+3_s-generatebpl,1+3_s-product,1+3_s-verify,ept43
libsodium,Auth,crypto_auth_hmacsha256,0.03878283500671387,13.749204397201538,,7.316343307495117,26.873164176940918,134.40927505493164,,4.729957342147827,26.338999032974243,332.41174149513245,,4.769074440002441,25.77202820777893,308.8301782608032,,4.836196660995483,25.93116593360901,226.08960342407227,,0.02807927131652832,10.898257732391357,8.210361957550049,29.0300395488739,135.35293197631836,,0.028188228607177734,12.30087423324585,8.493825912475586,30.386046886444092,150.19703841209412,,0.031088590621948242,12.567846775054932,8.334587097167969,30.18224000930786,121.74454498291016,,0.03868246078491211,12.428541660308838,8.389479875564575,30.167383432388306,114.32427835464478,
