LIB,Filename,Entry-point,1,2,2-s,3,3-s,1+2,1+2_s,1+3,1+3_s,1+2+3,loc,all-sens pos,ct-verify pass?,Taint pass?,taint res,High taint pass?,Is_high_taint_1_2_pass
libsodium,Auth,crypto_auth_hmacsha256,13.787987232208252,168.59878253936768,363.4806978702545,339.3712809085846,256.85696601867676,183.5196704864502,201.40597367286682,172.86030745506287,165.3483657836914,949.34765458107,23247,2125,Still Have Leak!,Still Have Leak!,18,Still Have Leak!,Still Have Leak!
