LIB,Filename,Entry-point,2,2_s,3,3-s,1+2,1+2_s,1+3,1+3_s
libsodium,Auth,crypto_auth_hmacsha256,134.40927505493164,332.41174149513245,308.8301782608032,226.08960342407227,135.35293197631836,150.19703841209412,121.74454498291016,114.32427835464478
