LIB,Filename,Entry-point,add-key,taint-analysis,ept3,2-generatebpl,2-product,2-verify,ept7,2-s-generatebpl,2-s-product,2-s-verify,ept11,3-generatebpl,3-product,3-verify,ept15,3-s-generatebpl,3-s-product,3-s-verify,ept19,1+2-addkey,1+2-taint-analysis,1+2-generatebpl,1+2-product,1+2-verify,ept25,1+2-s-addkey,1+2-s-taint-analysis,1+2-s-generatebpl,1+2-s-product,1+2-s-verify,ept31,1+3-addkey,1+3-taint-analysis,1+3-generatebpl,1+3-product,1+3-verify,ept37,1+3_s-addkey,1+3_s-taint-analysis,1+3_s-generatebpl,1+3_s-product,1+3_s-verify,ept43
BearSSL,RSA_i15_pkcs1,sign,0.018697500228881836,0.2975156307220459,,1.902651309967041,7.683088779449463,7.563579559326172,,1.818514347076416,7.550307989120483,12.992059707641602,,1.816183090209961,7.770101547241211,31.925933361053467,,1.8280737400054932,7.767843246459961,25.502609729766846,,0.021067142486572266,0.3063628673553467,2.331089973449707,7.7798237800598145,7.320088863372803,,0.02736663818359375,0.29886913299560547,2.3132410049438477,7.99006462097168,7.087703227996826,,0.02380824089050293,0.2946135997772217,2.2513632774353027,7.874450922012329,32.660234212875366,,0.023943662643432617,0.30179548263549805,2.3269546031951904,7.934908628463745,19.630075931549072,
