LIB,Filename,Entry-point,1,2,2-s,3,3-s,1+2,1+2_s,1+3,1+3_s,1+2+3,loc,all-sens pos,ct-verify pass?,Taint pass?,taint res,High taint pass?,Is_high_taint_1_2_pass
BearSSL,RSA_i15_pkcs1,sign,0.31621313095092773,17.149319648742676,22.3608820438385,41.51221799850464,35.0985267162323,17.758432626724243,17.717244625091553,43.10447025299072,30.21767830848694,170.99311089515686,6464,264,Still Have Leak!,Still Have Leak!,138,Still Have Leak!,Still Have Leak!
