LIB,Filename,Entry-point,2,2_s,3,3-s,1+2,1+2_s,1+3,1+3_s
BearSSL,RSA_i15_pkcs1,sign,7.563579559326172,12.992059707641602,31.925933361053467,25.502609729766846,7.320088863372803,7.087703227996826,32.660234212875366,19.630075931549072
