LIB,Filename,Entry-point,add-key,taint-analysis,ept3,2-generatebpl,2-product,2-verify,ept7,2-s-generatebpl,2-s-product,2-s-verify,ept11,3-generatebpl,3-product,3-verify,ept15,3-s-generatebpl,3-s-product,3-s-verify,ept19,1+2-addkey,1+2-taint-analysis,1+2-generatebpl,1+2-product,1+2-verify,ept25,1+2-s-addkey,1+2-s-taint-analysis,1+2-s-generatebpl,1+2-s-product,1+2-s-verify,ept31,1+3-addkey,1+3-taint-analysis,1+3-generatebpl,1+3-product,1+3-verify,ept37,1+3_s-addkey,1+3_s-taint-analysis,1+3_s-generatebpl,1+3_s-product,1+3_s-verify,ept43
BearSSL,ChaCha20_ct,run,0.016118526458740234,0.09227752685546875,,1.2419145107269287,6.686119794845581,1.241863489151001,,1.2523550987243652,6.6880950927734375,1.2522227764129639,,1.2352688312530518,6.730523109436035,1.2886075973510742,,1.232372522354126,6.650171995162964,1.6063554286956787,,0.01132965087890625,0.09236574172973633,1.4555408954620361,6.580163240432739,1.1594576835632324,,0.013814687728881836,0.09791731834411621,1.4521715641021729,6.597365856170654,1.152378797531128,,0.012201070785522461,0.09341001510620117,1.4388823509216309,6.618318319320679,1.1111931800842285,,0.015228986740112305,0.09014177322387695,1.3884797096252441,6.533089637756348,1.100661039352417,
