LIB,Filename,Entry-point,1,2,2-s,3,3-s,1+2,1+2_s,1+3,1+3_s,1+2+3,loc,all-sens pos,ct-verify pass?,Taint pass?,taint res,High taint pass?,Is_high_taint_1_2_pass
BearSSL,ChaCha20_ct,run,0.10839605331420898,9.16989779472351,9.192672967910767,9.254399538040161,9.488899946212769,0.10369539260864258,0.11173200607299805,0.10561108589172363,0.10537075996398926,0.10287928581237793,2655,316,Verified!,Verified!,0,Verified!,Verified!
