LIB,Filename,Entry-point,2,2_s,3,3-s,1+2,1+2_s,1+3,1+3_s
BearSSL,ChaCha20_ct,run,1.241863489151001,1.2522227764129639,1.2886075973510742,1.6063554286956787,1.1594576835632324,1.152378797531128,1.1111931800842285,1.100661039352417
