LIB,Filename,Entry-point,add-key,taint-analysis,ept3,2-generatebpl,2-product,2-verify,ept7,2-s-generatebpl,2-s-product,2-s-verify,ept11,3-generatebpl,3-product,3-verify,ept15,3-s-generatebpl,3-s-product,3-s-verify,ept19,1+2-addkey,1+2-taint-analysis,1+2-generatebpl,1+2-product,1+2-verify,ept25,1+2-s-addkey,1+2-s-taint-analysis,1+2-s-generatebpl,1+2-s-product,1+2-s-verify,ept31,1+3-addkey,1+3-taint-analysis,1+3-generatebpl,1+3-product,1+3-verify,ept37,1+3_s-addkey,1+3_s-taint-analysis,1+3_s-generatebpl,1+3_s-product,1+3_s-verify,ept43
BearSSL,DES_table,cbc_decrypt,0.014389276504516602,0.054438114166259766,,1.2739458084106445,6.353299617767334,1.2025628089904785,,1.3059723377227783,6.563847541809082,1.4231114387512207,,1.2811353206634521,6.746456861495972,1.3122596740722656,,1.3139922618865967,6.630666971206665,1.478470802307129,,0.010151147842407227,0.0490717887878418,1.3233304023742676,6.384013652801514,1.248866081237793,,0.010600090026855469,0.059671640396118164,1.3337297439575195,6.468719482421875,1.245973825454712,,0.01905035972595215,0.059114694595336914,1.3657910823822021,6.537003517150879,1.368051290512085,,0.0170135498046875,0.05306863784790039,1.3097074031829834,6.618751525878906,1.449308156967163,
BearSSL,DES_table,cbc_encrypt,0.014753580093383789,0.047925710678100586,,1.2608509063720703,6.396307945251465,1.2257540225982666,,1.2582566738128662,6.5990891456604,1.3563876152038574,,1.2633025646209717,6.595821857452393,1.3300318717956543,,1.279449701309204,6.667631149291992,1.4912314414978027,,0.011082172393798828,0.04383134841918945,1.2862277030944824,6.212878465652466,1.186039686203003,,0.013897895812988281,0.056613922119140625,1.3474617004394531,6.514222621917725,1.2353217601776123,,0.014569997787475586,0.05382728576660156,1.337500810623169,6.5534045696258545,1.4905829429626465,,0.012943267822265625,0.04711294174194336,1.3122475147247314,6.5815958976745605,1.5586190223693848,
