LIB,Filename,Entry-point,2,2_s,3,3-s,1+2,1+2_s,1+3,1+3_s
BearSSL,DES_table,cbc_decrypt,1.2025628089904785,1.4231114387512207,1.3122596740722656,1.478470802307129,1.248866081237793,1.245973825454712,1.368051290512085,1.449308156967163
BearSSL,DES_table,cbc_encrypt,1.2257540225982666,1.3563876152038574,1.3300318717956543,1.4912314414978027,1.186039686203003,1.2353217601776123,1.4905829429626465,1.5586190223693848
