LIB,Filename,Entry-point,add-key,taint-analysis,ept3,2-generatebpl,2-product,2-verify,ept7,2-s-generatebpl,2-s-product,2-s-verify,ept11,3-generatebpl,3-product,3-verify,ept15,3-s-generatebpl,3-s-product,3-s-verify,ept19,1+2-addkey,1+2-taint-analysis,1+2-generatebpl,1+2-product,1+2-verify,ept25,1+2-s-addkey,1+2-s-taint-analysis,1+2-s-generatebpl,1+2-s-product,1+2-s-verify,ept31,1+3-addkey,1+3-taint-analysis,1+3-generatebpl,1+3-product,1+3-verify,ept37,1+3_s-addkey,1+3_s-taint-analysis,1+3_s-generatebpl,1+3_s-product,1+3_s-verify,ept43
HACL,ChaCha20,Hacl_Chacha20_chacha20_decrypt,0.017623186111450195,0.11739444732666016,,1.650496482849121,6.927226305007935,18.979346990585327,,1.6803922653198242,6.990174770355225,28.855560779571533,,1.5884795188903809,6.954487085342407,21.963027954101562,,1.6127331256866455,6.968281507492065,246.29741311073303,,0.01633620262145996,0.10056257247924805,1.76515531539917,6.847324848175049,17.070156574249268,,0.017177104949951172,0.10246801376342773,1.7241485118865967,6.9063568115234375,20.668052911758423,,0.02442479133605957,0.1074514389038086,1.74772047996521,6.736726760864258,18.6487033367157,,0.021989107131958008,0.10829424858093262,1.8433260917663574,6.719026565551758,19.639569520950317,
HACL,ChaCha20,Hacl_Chacha20_chacha20_encrypt,0.014204978942871094,0.1290431022644043,,1.637166976928711,7.164280414581299,19.849292039871216,,1.5792818069458008,7.09870719909668,25.24464726448059,,1.5972063541412354,6.889081716537476,22.162599802017212,,1.611283540725708,6.875016212463379,74.15488886833191,,0.013363122940063477,0.12095522880554199,1.8089616298675537,6.87895131111145,17.477814197540283,,0.012999773025512695,0.12366104125976562,1.7510473728179932,6.846775054931641,20.0573468208313,,0.01861286163330078,0.12701034545898438,1.7524352073669434,6.867262601852417,18.482678651809692,,0.019549846649169922,0.11826968193054199,1.794729471206665,6.906642436981201,19.238020658493042,
