LIB,Filename,Entry-point,2,2_s,3,3-s,1+2,1+2_s,1+3,1+3_s
HACL,ChaCha20,Hacl_Chacha20_chacha20_decrypt,18.979346990585327,28.855560779571533,21.963027954101562,246.29741311073303,17.070156574249268,20.668052911758423,18.6487033367157,19.639569520950317
HACL,ChaCha20,Hacl_Chacha20_chacha20_encrypt,19.849292039871216,25.24464726448059,22.162599802017212,74.15488886833191,17.477814197540283,20.0573468208313,18.482678651809692,19.238020658493042
