LIB,Filename,Entry-point,add-key,taint-analysis,ept3,2-generatebpl,2-product,2-verify,ept7,2-s-generatebpl,2-s-product,2-s-verify,ept11,3-generatebpl,3-product,3-verify,ept15,3-s-generatebpl,3-s-product,3-s-verify,ept19,1+2-addkey,1+2-taint-analysis,1+2-generatebpl,1+2-product,1+2-verify,ept25,1+2-s-addkey,1+2-s-taint-analysis,1+2-s-generatebpl,1+2-s-product,1+2-s-verify,ept31,1+3-addkey,1+3-taint-analysis,1+3-generatebpl,1+3-product,1+3-verify,ept37,1+3_s-addkey,1+3_s-taint-analysis,1+3_s-generatebpl,1+3_s-product,1+3_s-verify,ept43
curve25519-donna,portable-c,curve25519_donna,0.031245708465576172,0.5557680130004883,,1.8708243370056152,11.054982900619507,3661.524621486664,,1.9498076438903809,11.564416408538818,3823.574756383896,,1.9567646980285645,11.525211811065674,3688.047492980957,,1.9109325408935547,10.75906777381897,3762.700949907303,,0.01980900764465332,0.5305590629577637,2.3606927394866943,11.33933711051941,65.43734741210938,,0.030934572219848633,0.555016040802002,2.4184272289276123,12.017794370651245,74.13180208206177,,0.03261852264404297,0.606959342956543,2.4473140239715576,11.571651697158813,86.90269184112549,,0.027083635330200195,0.5571906566619873,2.421706199645996,11.052779197692871,87.40830397605896,
