LIB,Filename,Entry-point,2,2_s,3,3-s,1+2,1+2_s,1+3,1+3_s
curve25519-donna,portable-c,curve25519_donna,3661.524621486664,3823.574756383896,3688.047492980957,3762.700949907303,65.43734741210938,74.13180208206177,86.90269184112549,87.40830397605896
