LIB,Filename,Entry-point,add-key,taint-analysis,ept3,2-generatebpl,2-product,2-verify,ept7,2-s-generatebpl,2-s-product,2-s-verify,ept11,3-generatebpl,3-product,3-verify,ept15,3-s-generatebpl,3-s-product,3-s-verify,ept19,1+2-addkey,1+2-taint-analysis,1+2-generatebpl,1+2-product,1+2-verify,ept25,1+2-s-addkey,1+2-s-taint-analysis,1+2-s-generatebpl,1+2-s-product,1+2-s-verify,ept31,1+3-addkey,1+3-taint-analysis,1+3-generatebpl,1+3-product,1+3-verify,ept37,1+3_s-addkey,1+3_s-taint-analysis,1+3_s-generatebpl,1+3_s-product,1+3_s-verify,ept43
BearSSL,rsa_i15,decrypt,0.026268482208251953,0.3165602684020996,,1.8602113723754883,7.242402791976929,6.2027130126953125,,1.8252756595611572,7.5155603885650635,6.5524256229400635,,1.7838973999023438,7.5574493408203125,12.748400449752808,,1.7583749294281006,7.400372266769409,11.621556758880615,,0.02077198028564453,0.3358783721923828,2.2110602855682373,7.678663492202759,6.7190282344818115,,0.019930362701416016,0.31449270248413086,2.2477684020996094,7.651577472686768,6.7677435874938965,,0.023341894149780273,0.31846117973327637,2.24253249168396,7.639267444610596,8.48463249206543,,0.024643898010253906,0.32941317558288574,2.2110347747802734,7.6592817306518555,9.808887004852295,
