LIB,Filename,Entry-point,1,2,2-s,3,3-s,1+2,1+2_s,1+3,1+3_s,loc,all-sens pos,ct-verify pass?,Taint pass?,taint res,High taint pass?,Is_high_taint_1_2_pass
BearSSL,rsa_i15,decrypt,0.34282875061035156,15.30532717704773,15.893261671066284,22.089747190475464,20.780303955078125,16.965402364730835,17.00151252746582,18.708235502243042,20.033260583877563,5928,229,Still Have Leak!,Still Have Leak!,103,Still Have Leak!,Still Have Leak!
