LIB,Filename,Entry-point,2,2_s,3,3-s,1+2,1+2_s,1+3,1+3_s
BearSSL,rsa_i15,decrypt,6.2027130126953125,6.5524256229400635,12.748400449752808,11.621556758880615,6.7190282344818115,6.7677435874938965,8.48463249206543,9.808887004852295
