LIB,Filename,Entry-point,add-key,taint-analysis,ept3,2-generatebpl,2-product,2-verify,ept7,2-s-generatebpl,2-s-product,2-s-verify,ept11,3-generatebpl,3-product,3-verify,ept15,3-s-generatebpl,3-s-product,3-s-verify,ept19,1+2-addkey,1+2-taint-analysis,1+2-generatebpl,1+2-product,1+2-verify,ept25,1+2-s-addkey,1+2-s-taint-analysis,1+2-s-generatebpl,1+2-s-product,1+2-s-verify,ept31,1+3-addkey,1+3-taint-analysis,1+3-generatebpl,1+3-product,1+3-verify,ept37,1+3_s-addkey,1+3_s-taint-analysis,1+3_s-generatebpl,1+3_s-product,1+3_s-verify,ept43
BearSSL,GHASH_ctmul,br_ghash_ctmul,0.02007913589477539,0.10889601707458496,,1.2498207092285156,5.894768476486206,1.1633341312408447,,1.30690598487854,5.90744423866272,1.130328893661499,,1.2802886962890625,5.892194509506226,1.224153995513916,,1.2959983348846436,5.97265100479126,1.2102692127227783,,0.013523340225219727,0.09525871276855469,1.3171603679656982,5.954399824142456,1.146540641784668,,0.02538132667541504,0.10980916023254395,1.380903959274292,6.022738933563232,1.2364146709442139,,0.014545202255249023,0.10040593147277832,1.3470094203948975,6.020687818527222,1.2470715045928955,,0.016118288040161133,0.10103487968444824,1.3839094638824463,6.038527011871338,1.1994068622589111,
