LIB,Filename,Entry-point,1,2,2-s,3,3-s,1+2,1+2_s,1+3,1+3_s,1+2+3,loc,all-sens pos,ct-verify pass?,Taint pass?,taint res,High taint pass?,Is_high_taint_1_2_pass
BearSSL,GHASH_ctmul,br_ghash_ctmul,0.12897515296936035,8.307923316955566,8.344679117202759,8.396637201309204,8.478918552398682,0.10878205299377441,0.13519048690795898,0.11495113372802734,0.11715316772460938,0.11800765991210938,1947,125,Verified!,Verified!,0,Verified!,Verified!
