LIB,Filename,Entry-point,2,2_s,3,3-s,1+2,1+2_s,1+3,1+3_s
BearSSL,GHASH_ctmul,br_ghash_ctmul,1.1633341312408447,1.130328893661499,1.224153995513916,1.2102692127227783,1.146540641784668,1.2364146709442139,1.2470715045928955,1.1994068622589111
