LIB,Filename,Entry-point,1,2,2-s,3,3-s,1+2,1+2_s,1+3,1+3_s,1+2+3,loc,all-sens pos,ct-verify pass?,Taint pass?,taint res,High taint pass?,Is_high_taint_1_2_pass
BearSSL,AES_ct64,bitslice_encrypt,0.07940888404846191,7.712602376937866,7.881392240524292,7.9272119998931885,8.275789260864258,0.06252551078796387,0.07416749000549316,0.08710002899169922,0.0711359977722168,0.07380557060241699,1348,60,Verified!,Verified!,0,Verified!,Verified!
BearSSL,AES_ct64,bitslice_decrypt,0.08308553695678711,8.007938861846924,8.403428792953491,8.406045913696289,8.428269147872925,0.08127188682556152,0.08735823631286621,0.08209729194641113,0.0841665267944336,0.09013724327087402,1791,72,Verified!,Verified!,0,Verified!,Verified!
BearSSL,AES_ct64,key_sched,0.05816316604614258,8.624302864074707,9.160507440567017,8.935252904891968,9.703643321990967,0.06352376937866211,0.07504582405090332,0.06989431381225586,0.07023811340332031,0.07112479209899902,2069,119,Verified!,Verified!,0,Verified!,Verified!
