LIB,Filename,Entry-point,2,2_s,3,3-s,1+2,1+2_s,1+3,1+3_s
BearSSL,AES_ct64,bitslice_encrypt,1.0655114650726318,1.0546917915344238,1.0306344032287598,1.1477527618408203,0.9706597328186035,0.9880561828613281,1.0090374946594238,0.9889867305755615
BearSSL,AES_ct64,bitslice_decrypt,1.0588769912719727,1.1154892444610596,1.1972978115081787,1.2165014743804932,1.0327625274658203,1.0831563472747803,1.014265775680542,1.0245585441589355
BearSSL,AES_ct64,key_sched,1.3516833782196045,1.498389720916748,1.5011396408081055,2.24473237991333,1.2596418857574463,1.2407188415527344,1.2466368675231934,1.2852747440338135
