LIB,Filename,Entry-point,add-key,taint-analysis,ept3,2-generatebpl,2-product,2-verify,ept7,2-s-generatebpl,2-s-product,2-s-verify,ept11,3-generatebpl,3-product,3-verify,ept15,3-s-generatebpl,3-s-product,3-s-verify,ept19,1+2-addkey,1+2-taint-analysis,1+2-generatebpl,1+2-product,1+2-verify,ept25,1+2-s-addkey,1+2-s-taint-analysis,1+2-s-generatebpl,1+2-s-product,1+2-s-verify,ept31,1+3-addkey,1+3-taint-analysis,1+3-generatebpl,1+3-product,1+3-verify,ept37,1+3_s-addkey,1+3_s-taint-analysis,1+3_s-generatebpl,1+3_s-product,1+3_s-verify,ept43
libsodium,Sha512,crypto_hash_sha512,0.040694236755371094,14.096187829971313,,7.224932909011841,35.12962889671326,78.0071234703064,,7.09407114982605,34.068378925323486,59.139554262161255,,7.110044479370117,35.343345403671265,195.70571041107178,,6.861609935760498,33.89303684234619,3679.7047424316406,,0.03314638137817383,14.307372808456421,12.453259706497192,40.03856372833252,50.000728607177734,,0.03473496437072754,15.551435232162476,12.200997829437256,39.632861852645874,55.531660318374634,,0.036253929138183594,14.436713457107544,12.068504810333252,39.4284086227417,74.23625946044922,,0.03110790252685547,14.28637981414795,12.492820262908936,38.59722065925598,43.50094509124756,
