LIB,Filename,Entry-point,2,2_s,3,3-s,1+2,1+2_s,1+3,1+3_s
libsodium,Sha512,crypto_hash_sha512,78.0071234703064,59.139554262161255,195.70571041107178,3679.7047424316406,50.000728607177734,55.531660318374634,74.23625946044922,43.50094509124756
