LIB,Filename,Entry-point,add-key,taint-analysis,ept3,2-generatebpl,2-product,2-verify,ept7,2-s-generatebpl,2-s-product,2-s-verify,ept11,3-generatebpl,3-product,3-verify,ept15,3-s-generatebpl,3-s-product,3-s-verify,ept19,1+2-addkey,1+2-taint-analysis,1+2-generatebpl,1+2-product,1+2-verify,ept25,1+2-s-addkey,1+2-s-taint-analysis,1+2-s-generatebpl,1+2-s-product,1+2-s-verify,ept31,1+3-addkey,1+3-taint-analysis,1+3-generatebpl,1+3-product,1+3-verify,ept37,1+3_s-addkey,1+3_s-taint-analysis,1+3_s-generatebpl,1+3_s-product,1+3_s-verify,ept43
BearSSL,EC_p256_m62,api_mul,0.02903914451599121,0.2397456169128418,,1.8354072570800781,9.621760129928589,70.85280108451843,,1.8338227272033691,10.53682017326355,319.27932834625244,,1.8589515686035156,10.027072191238403,965.3866438865662,,1.8358099460601807,9.875925540924072,1219.838330745697,,0.02193903923034668,0.21858501434326172,2.17098069190979,9.558474063873291,58.42263436317444,,0.029239654541015625,0.23024773597717285,2.271157741546631,10.143063068389893,76.80119752883911,,0.021070480346679688,0.2161417007446289,2.228114604949951,9.884670495986938,78.40222930908203,,0.026965856552124023,0.22166228294372559,2.2671241760253906,9.895530462265015,76.56904435157776,
