LIB,Filename,Entry-point,1,2,2-s,3,3-s,1+2,1+2_s,1+3,1+3_s,1+2+3,loc,all-sens pos,ct-verify pass?,Taint pass?,taint res,High taint pass?,Is_high_taint_1_2_pass
BearSSL,EC_p256_m62,api_mul,0.268784761428833,82.3099684715271,331.64997124671936,977.2726676464081,1231.5500662326813,0.2405240535736084,0.2594873905181885,0.2372121810913086,0.2486281394958496,0.24646902084350586,6617,472,Verified!,Verified!,0,Verified!,Verified!
