LIB,Filename,Entry-point,2,2_s,3,3-s,1+2,1+2_s,1+3,1+3_s
BearSSL,EC_p256_m62,api_mul,70.85280108451843,319.27932834625244,965.3866438865662,1219.838330745697,58.42263436317444,76.80119752883911,78.40222930908203,76.56904435157776
