LIB,Filename,Entry-point,add-key,taint-analysis,ept3,2-generatebpl,2-product,2-verify,ept7,2-s-generatebpl,2-s-product,2-s-verify,ept11,3-generatebpl,3-product,3-verify,ept15,3-s-generatebpl,3-s-product,3-s-verify,ept19,1+2-addkey,1+2-taint-analysis,1+2-generatebpl,1+2-product,1+2-verify,ept25,1+2-s-addkey,1+2-s-taint-analysis,1+2-s-generatebpl,1+2-s-product,1+2-s-verify,ept31,1+3-addkey,1+3-taint-analysis,1+3-generatebpl,1+3-product,1+3-verify,ept37,1+3_s-addkey,1+3_s-taint-analysis,1+3_s-generatebpl,1+3_s-product,1+3_s-verify,ept43
libfixedtimefixedpoint,fix_eq,fix_eq,0.09759521484375,0.5042767524719238,,1.2694323062896729,5.271184921264648,0.9095876216888428,,1.3286621570587158,5.243061780929565,0.8021817207336426,,1.2928035259246826,5.223405599594116,0.854116678237915,,1.3352105617523193,5.259111166000366,0.8503372669219971,,0.08643627166748047,0.42916107177734375,1.4510524272918701,5.203399419784546,0.867321252822876,,0.09862160682678223,0.5023641586303711,1.4799771308898926,5.2778661251068115,0.8720316886901855,,0.09335088729858398,0.518110990524292,1.4988582134246826,5.328285455703735,0.857109546661377,,0.0906062126159668,0.5028345584869385,1.484692096710205,5.244701385498047,0.8642237186431885,
