LIB,Filename,Entry-point,1,2,2-s,3,3-s,1+2,1+2_s,1+3,1+3_s,1+2+3,loc,all-sens pos,ct-verify pass?,Taint pass?,taint res,High taint pass?,Is_high_taint_1_2_pass
libfixedtimefixedpoint,fix_eq,fix_eq,0.6018719673156738,7.450204849243164,7.373905658721924,7.370325803756714,7.444658994674683,0.5155973434448242,0.6009857654571533,0.611461877822876,0.5934407711029053,0.6190445423126221,153,0,Verified!,Verified!,0,Verified!,Verified!
