LIB,Filename,Entry-point,2,2_s,3,3-s,1+2,1+2_s,1+3,1+3_s
libfixedtimefixedpoint,fix_eq,fix_eq,0.9095876216888428,0.8021817207336426,0.854116678237915,0.8503372669219971,0.867321252822876,0.8720316886901855,0.857109546661377,0.8642237186431885
