LIB,Filename,Entry-point,add-key,taint-analysis,ept3,2-generatebpl,2-product,2-verify,ept7,2-s-generatebpl,2-s-product,2-s-verify,ept11,3-generatebpl,3-product,3-verify,ept15,3-s-generatebpl,3-s-product,3-s-verify,ept19,1+2-addkey,1+2-taint-analysis,1+2-generatebpl,1+2-product,1+2-verify,ept25,1+2-s-addkey,1+2-s-taint-analysis,1+2-s-generatebpl,1+2-s-product,1+2-s-verify,ept31,1+3-addkey,1+3-taint-analysis,1+3-generatebpl,1+3-product,1+3-verify,ept37,1+3_s-addkey,1+3_s-taint-analysis,1+3_s-generatebpl,1+3_s-product,1+3_s-verify,ept43
Tongsuo,curve448,ossl_x448,0.06715130805969238,0.841181755065918,,2.0109822750091553,9.57121229171753,4332.627523183823,,2.3968565464019775,9.494388580322266,5139.514327287674,,2.384953498840332,9.451322555541992,5062.264053344727,,2.3596677780151367,9.487430334091187,5154.306058168411,,0.04286956787109375,0.5401780605316162,2.353438377380371,9.108861923217773,698.524739742279,,0.07858085632324219,0.8484289646148682,2.3559231758117676,9.222002506256104,1107.4324569702148,,0.055292367935180664,0.8394668102264404,2.4641120433807373,9.263550043106079,1372.4454953670502,,0.06452131271362305,0.8539490699768066,2.480886697769165,9.216988325119019,1366.8200533390045,
Tongsuo,curve448,derive_pub_key,0.040769100189208984,0.5589227676391602,,2.4216842651367188,12.219557523727417,5009.067316770554,,2.452018976211548,10.834003925323486,4789.712562799454,,2.3744070529937744,10.742185592651367,4691.495918512344,,2.3266727924346924,10.944462537765503,4769.458675861359,,0.04534459114074707,0.5231747627258301,2.899585485458374,11.06198501586914,1067.7286837100983,,0.07265782356262207,0.7596907615661621,3.1261603832244873,10.908296585083008,1145.3159174919128,,0.0423734188079834,0.5317676067352295,2.8382327556610107,10.7726411819458,1069.243827342987,,0.05499696731567383,0.5464823246002197,2.9495303630828857,10.818557024002075,1021.6108469963074,
