LIB,Filename,Entry-point,1,2,2-s,3,3-s,1+2,1+2_s,1+3,1+3_s,1+2+3,loc,all-sens pos,ct-verify pass?,Taint pass?,taint res,High taint pass?,Is_high_taint_1_2_pass
Tongsuo,curve448,ossl_x448,0.9083330631256104,4344.209717750549,5151.405572414398,5074.100329399109,5166.153156280518,0.58304762840271,0.9270098209381104,0.8947591781616211,0.9184703826904297,0.9099545478820801,6674,446,Time Out!,Verified!,0,Still Have Leak!,Verified!
Tongsuo,curve448,derive_pub_key,0.5996918678283691,5023.708558559418,4802.998585700989,4704.6125111579895,4782.729811191559,0.5685193538665771,0.8323485851287842,0.5741410255432129,0.6014792919158936,0.8350269794464111,8994,575,Time Out!,Verified!,0,Time Out!,Verified!
