LIB,Filename,Entry-point,2,2_s,3,3-s,1+2,1+2_s,1+3,1+3_s
Tongsuo,curve448,ossl_x448,4332.627523183823,5139.514327287674,5062.264053344727,5154.306058168411,698.524739742279,1107.4324569702148,1372.4454953670502,1366.8200533390045
Tongsuo,curve448,derive_pub_key,5009.067316770554,4789.712562799454,4691.495918512344,4769.458675861359,1067.7286837100983,1145.3159174919128,1069.243827342987,1021.6108469963074
