LIB,Filename,Entry-point,add-key,taint-analysis,ept3,2-generatebpl,2-product,2-verify,ept7,2-s-generatebpl,2-s-product,2-s-verify,ept11,3-generatebpl,3-product,3-verify,ept15,3-s-generatebpl,3-s-product,3-s-verify,ept19,1+2-addkey,1+2-taint-analysis,1+2-generatebpl,1+2-product,1+2-verify,ept25,1+2-s-addkey,1+2-s-taint-analysis,1+2-s-generatebpl,1+2-s-product,1+2-s-verify,ept31,1+3-addkey,1+3-taint-analysis,1+3-generatebpl,1+3-product,1+3-verify,ept37,1+3_s-addkey,1+3_s-taint-analysis,1+3_s-generatebpl,1+3_s-product,1+3_s-verify,ept43
BearSSL,EC_p256_m15,api_mul,0.036119699478149414,23.858821868896484,,2.8055527210235596,17.670244693756104,4293.309640645981,,2.8453385829925537,17.3924777507782,2952.6146941184998,,2.799644947052002,17.644238710403442,5611.804853916168,,2.794027090072632,17.29632568359375,3346.3826444149017,,0.030266284942626953,23.212450742721558,4.17190408706665,18.10790205001831,1549.3725576400757,,0.03781914710998535,25.32309627532959,4.01949143409729,19.525152921676636,2035.0935747623444,,0.03157949447631836,24.001384496688843,4.087517023086548,19.16630506515503,2072.0571718215942,,0.03396892547607422,23.81727170944214,4.137187242507935,18.892662048339844,1317.1269030570984,
