LIB,Filename,Entry-point,1,2,2-s,3,3-s,1+2,1+2_s,1+3,1+3_s,1+2+3,loc,all-sens pos,ct-verify pass?,Taint pass?,taint res,High taint pass?,Is_high_taint_1_2_pass
BearSSL,EC_p256_m15,api_mul,23.894941568374634,4313.7854380607605,2972.8525104522705,5632.248737573624,3366.472997188568,23.242717027664185,25.360915422439575,24.03296399116516,23.851240634918213,23.830331087112427,19535,1895,Time Out!,Verified!,0,Verified!,Verified!
