LIB,Filename,Entry-point,2,2_s,3,3-s,1+2,1+2_s,1+3,1+3_s
BearSSL,EC_p256_m15,api_mul,4293.309640645981,2952.6146941184998,5611.804853916168,3346.3826444149017,1549.3725576400757,2035.0935747623444,2072.0571718215942,1317.1269030570984
