LIB,Filename,Entry-point,add-key,taint-analysis,ept3,2-generatebpl,2-product,2-verify,ept7,2-s-generatebpl,2-s-product,2-s-verify,ept11,3-generatebpl,3-product,3-verify,ept15,3-s-generatebpl,3-s-product,3-s-verify,ept19,1+2-addkey,1+2-taint-analysis,1+2-generatebpl,1+2-product,1+2-verify,ept25,1+2-s-addkey,1+2-s-taint-analysis,1+2-s-generatebpl,1+2-s-product,1+2-s-verify,ept31,1+3-addkey,1+3-taint-analysis,1+3-generatebpl,1+3-product,1+3-verify,ept37,1+3_s-addkey,1+3_s-taint-analysis,1+3_s-generatebpl,1+3_s-product,1+3_s-verify,ept43
FourQlib,ECC_madd,eccmadd,0.03344845771789551,0.3813204765319824,,1.3220868110656738,5.472692966461182,9.163044691085815,,1.3382477760314941,5.7480528354644775,12.828366994857788,,1.380049228668213,5.732320785522461,14.57772946357727,,1.3593852519989014,5.736699104309082,27.63123917579651,,0.026572704315185547,0.37348318099975586,1.4644107818603516,5.493424654006958,7.232528209686279,,0.027107715606689453,0.38042187690734863,1.4392518997192383,5.794580936431885,8.218329668045044,,0.03399538993835449,0.3770155906677246,1.4672667980194092,5.7687976360321045,7.814282178878784,,0.038184404373168945,0.3830142021179199,1.4502413272857666,5.725781679153442,8.129333972930908,
