LIB,Filename,Entry-point,2,2_s,3,3-s,1+2,1+2_s,1+3,1+3_s
FourQlib,ECC_madd,eccmadd,9.163044691085815,12.828366994857788,14.57772946357727,27.63123917579651,7.232528209686279,8.218329668045044,7.814282178878784,8.129333972930908
