LIB,Filename,Entry-point,add-key,taint-analysis,ept3,2-generatebpl,2-product,2-verify,ept7,2-s-generatebpl,2-s-product,2-s-verify,ept11,3-generatebpl,3-product,3-verify,ept15,3-s-generatebpl,3-s-product,3-s-verify,ept19,1+2-addkey,1+2-taint-analysis,1+2-generatebpl,1+2-product,1+2-verify,ept25,1+2-s-addkey,1+2-s-taint-analysis,1+2-s-generatebpl,1+2-s-product,1+2-s-verify,ept31,1+3-addkey,1+3-taint-analysis,1+3-generatebpl,1+3-product,1+3-verify,ept37,1+3_s-addkey,1+3_s-taint-analysis,1+3_s-generatebpl,1+3_s-product,1+3_s-verify,ept43
BearSSL,EC_p256_m64,api_mul,0.02582383155822754,0.20378613471984863,,1.9084608554840088,10.03656005859375,237.86043405532837,,1.7930223941802979,9.446484804153442,335.00396180152893,,1.7834053039550781,9.064740419387817,783.9452679157257,,1.8054490089416504,9.459453344345093,1389.1117610931396,,0.01979970932006836,0.18627262115478516,2.1974854469299316,9.483421087265015,61.06653618812561,,0.02040243148803711,0.19492816925048828,2.1710758209228516,9.18112850189209,80.98448753356934,,0.024903535842895508,0.2056725025177002,2.214242935180664,9.317144632339478,78.98634004592896,,0.02622246742248535,0.20097804069519043,2.1839301586151123,9.65859866142273,78.32940149307251,
