LIB,Filename,Entry-point,1,2,2-s,3,3-s,1+2,1+2_s,1+3,1+3_s,1+2+3,loc,all-sens pos,ct-verify pass?,Taint pass?,taint res,High taint pass?,Is_high_taint_1_2_pass
BearSSL,EC_p256_m64,api_mul,0.22960996627807617,249.80545496940613,346.24346899986267,794.7934136390686,1400.3766634464264,0.20607233047485352,0.2153306007385254,0.2305760383605957,0.22720050811767578,0.21708178520202637,6450,380,Verified!,Verified!,0,Verified!,Verified!
