LIB,Filename,Entry-point,2,2_s,3,3-s,1+2,1+2_s,1+3,1+3_s
BearSSL,EC_p256_m64,api_mul,237.86043405532837,335.00396180152893,783.9452679157257,1389.1117610931396,61.06653618812561,80.98448753356934,78.98634004592896,78.32940149307251
