LIB,Filename,Entry-point,add-key,taint-analysis,ept3,2-generatebpl,2-product,2-verify,ept7,2-s-generatebpl,2-s-product,2-s-verify,ept11,3-generatebpl,3-product,3-verify,ept15,3-s-generatebpl,3-s-product,3-s-verify,ept19,1+2-addkey,1+2-taint-analysis,1+2-generatebpl,1+2-product,1+2-verify,ept25,1+2-s-addkey,1+2-s-taint-analysis,1+2-s-generatebpl,1+2-s-product,1+2-s-verify,ept31,1+3-addkey,1+3-taint-analysis,1+3-generatebpl,1+3-product,1+3-verify,ept37,1+3_s-addkey,1+3_s-taint-analysis,1+3_s-generatebpl,1+3_s-product,1+3_s-verify,ept43
BearSSL,GHASH_ctmul64,br_ghash_ctmul,0.021371841430664062,0.04662013053894043,,1.1111369132995605,5.131022930145264,1.0855751037597656,,1.1524145603179932,5.390856504440308,1.0986363887786865,,1.1676325798034668,5.3734729290008545,1.1067261695861816,,1.156571865081787,5.380754232406616,1.137596607208252,,0.010963678359985352,0.0370333194732666,1.2456176280975342,5.127304553985596,1.0784504413604736,,0.015941143035888672,0.04566025733947754,1.2633976936340332,5.4402899742126465,1.1027657985687256,,0.011577367782592773,0.044951438903808594,1.2956209182739258,5.415606260299683,1.116549015045166,,0.016228437423706055,0.049329280853271484,1.2298355102539062,5.409470558166504,1.1352643966674805,
