LIB,Filename,Entry-point,1,2,2-s,3,3-s,1+2,1+2_s,1+3,1+3_s,1+2+3,loc,all-sens pos,ct-verify pass?,Taint pass?,taint res,High taint pass?,Is_high_taint_1_2_pass
BearSSL,GHASH_ctmul64,br_ghash_ctmul,0.06799197196960449,7.32773494720459,7.641907453536987,7.647831678390503,7.674922704696655,0.04799699783325195,0.06160140037536621,0.05652880668640137,0.06555771827697754,0.05612015724182129,1060,10,Verified!,Verified!,0,Verified!,Verified!
