LIB,Filename,Entry-point,2,2_s,3,3-s,1+2,1+2_s,1+3,1+3_s
BearSSL,GHASH_ctmul64,br_ghash_ctmul,1.0855751037597656,1.0986363887786865,1.1067261695861816,1.137596607208252,1.0784504413604736,1.1027657985687256,1.116549015045166,1.1352643966674805
