LIB,Filename,Entry-point,add-key,taint-analysis,ept3,2-generatebpl,2-product,2-verify,ept7,2-s-generatebpl,2-s-product,2-s-verify,ept11,3-generatebpl,3-product,3-verify,ept15,3-s-generatebpl,3-s-product,3-s-verify,ept19,1+2-addkey,1+2-taint-analysis,1+2-generatebpl,1+2-product,1+2-verify,ept25,1+2-s-addkey,1+2-s-taint-analysis,1+2-s-generatebpl,1+2-s-product,1+2-s-verify,ept31,1+3-addkey,1+3-taint-analysis,1+3-generatebpl,1+3-product,1+3-verify,ept37,1+3_s-addkey,1+3_s-taint-analysis,1+3_s-generatebpl,1+3_s-product,1+3_s-verify,ept43
Mbed-tls,AES,crypt_cbc,0.03356766700744629,1.4201581478118896,,1.7393717765808105,14.927883863449097,5.801543235778809,,1.8401856422424316,14.912877082824707,6.000282526016235,,1.812326192855835,15.450721979141235,7.523116588592529,,1.7574512958526611,15.177285432815552,6.934089660644531,,0.026988744735717773,1.4311418533325195,1.938096046447754,14.614802598953247,7.150475263595581,,0.030138254165649414,1.4780244827270508,1.9821116924285889,14.394772052764893,7.036592483520508,,0.02767467498779297,1.4369995594024658,1.9880342483520508,14.593945741653442,7.137121200561523,,0.031716346740722656,1.4825494289398193,1.9694404602050781,14.81893801689148,6.3789215087890625,
