LIB,Filename,Entry-point,1,2,2-s,3,3-s,1+2,1+2_s,1+3,1+3_s,1+2+3,loc,all-sens pos,ct-verify pass?,Taint pass?,taint res,High taint pass?,Is_high_taint_1_2_pass
Mbed-tls,AES,crypt_cbc,1.453725814819336,22.468798875808716,22.753345251083374,24.7861647605896,23.868826389312744,25.16150450706482,24.92163896560669,25.183775424957275,24.681565761566162,73.03112578392029,9101,2951,Still Have Leak!,Still Have Leak!,171,Still Have Leak!,Still Have Leak!
