LIB,Filename,Entry-point,2,2_s,3,3-s,1+2,1+2_s,1+3,1+3_s
Mbed-tls,AES,crypt_cbc,5.801543235778809,6.000282526016235,7.523116588592529,6.934089660644531,7.150475263595581,7.036592483520508,7.137121200561523,6.3789215087890625
