LIB,Filename,Entry-point,add-key,taint-analysis,ept3,2-generatebpl,2-product,2-verify,ept7,2-s-generatebpl,2-s-product,2-s-verify,ept11,3-generatebpl,3-product,3-verify,ept15,3-s-generatebpl,3-s-product,3-s-verify,ept19,1+2-addkey,1+2-taint-analysis,1+2-generatebpl,1+2-product,1+2-verify,ept25,1+2-s-addkey,1+2-s-taint-analysis,1+2-s-generatebpl,1+2-s-product,1+2-s-verify,ept31,1+3-addkey,1+3-taint-analysis,1+3-generatebpl,1+3-product,1+3-verify,ept37,1+3_s-addkey,1+3_s-taint-analysis,1+3_s-generatebpl,1+3_s-product,1+3_s-verify,ept43
Mbed-tls,RSA,decrypt,0.18427801132202148,80.78454828262329,,3.4701900482177734,12.48754358291626,4906.7026109695435,,3.9742953777313232,12.823880195617676,2577.677783727646,,3.876925230026245,12.194512128829956,3340.8995525836945,,3.8128161430358887,12.816131830215454,2041.4430961608887,,0.1391279697418213,74.25365424156189,4.082643032073975,11.48348879814148,3143.793068885803,,0.17801594734191895,89.141348361969,6.264894008636475,13.34058666229248,3708.870041370392,,0.17549586296081543,82.72699904441833,4.097412586212158,11.891342401504517,3403.5746154785156,,0.16314911842346191,88.40629959106445,4.35463285446167,12.016545534133911,5163.681565284729,
