LIB,Filename,Entry-point,1,2,2-s,3,3-s,1+2,1+2_s,1+3,1+3_s,1+2+3,loc,all-sens pos,ct-verify pass?,Taint pass?,taint res,High taint pass?,Is_high_taint_1_2_pass
Mbed-tls,RSA,decrypt,80.96882629394531,4922.6603446006775,2594.475959300995,3356.9709899425507,2058.07204413414,3233.7519829273224,3817.7948863506317,3502.4658653736115,5268.6221923828125,15003.003815174103,14111,759,Still Have Leak!,Still Have Leak!,63,Still Have Leak!,Still Have Leak!
