LIB,Filename,Entry-point,2,2_s,3,3-s,1+2,1+2_s,1+3,1+3_s
Mbed-tls,RSA,decrypt,4906.7026109695435,2577.677783727646,3340.8995525836945,2041.4430961608887,3143.793068885803,3708.870041370392,3403.5746154785156,5163.681565284729
