LIB,Filename,Entry-point,1,2,2-s,3,3-s,1+2,1+2_s,1+3,1+3_s,1+2+3,loc,all-sens pos,ct-verify pass?,Taint pass?,taint res,High taint pass?,Is_high_taint_1_2_pass
OpenSSL,ssl3_cbc,digest_record,1.331634759902954,23.89592671394348,25.663519144058228,26.73746657371521,35.838395833969116,1.1171517372131348,1.3128418922424316,1.3636488914489746,1.289665937423706,1.3677804470062256,13089,198,Verified!,Verified!,0,Still Have Leak!,Verified!
OpenSSL,ssl3_cbc,remove_padding,0.054833173751831055,6.897976636886597,7.337134122848511,7.250559568405151,7.434448957443237,0.03766322135925293,0.045416831970214844,0.048500776290893555,0.059755802154541016,0.05170154571533203,351,14,Verified!,Verified!,0,Verified!,Verified!
OpenSSL,ssl3_cbc,copy_mac,0.05908823013305664,7.058845281600952,7.516664505004883,7.88639497756958,7.340398788452148,0.04544496536254883,0.05132937431335449,0.04576468467712402,0.04855990409851074,0.04774880409240723,452,15,Verified!,Verified!,0,Verified!,Verified!
