LIB,Filename,Entry-point,2,2_s,3,3-s,1+2,1+2_s,1+3,1+3_s
OpenSSL,ssl3_cbc,digest_record,10.004536151885986,11.511940240859985,12.557899951934814,21.812462329864502,8.40280032157898,8.827224016189575,9.172131538391113,9.13136100769043
OpenSSL,ssl3_cbc,remove_padding,0.829068660736084,0.9077126979827881,0.9239404201507568,0.8908994197845459,0.8681609630584717,0.883603572845459,0.888908863067627,0.8728623390197754
OpenSSL,ssl3_cbc,copy_mac,0.8998215198516846,0.9397561550140381,1.3821697235107422,1.003577709197998,0.9039268493652344,0.9237074851989746,0.9889116287231445,0.9320354461669922
