LIB,Filename,Entry-point,add-key,taint-analysis,ept3,2-generatebpl,2-product,2-verify,ept7,2-s-generatebpl,2-s-product,2-s-verify,ept11,3-generatebpl,3-product,3-verify,ept15,3-s-generatebpl,3-s-product,3-s-verify,ept19,1+2-addkey,1+2-taint-analysis,1+2-generatebpl,1+2-product,1+2-verify,ept25,1+2-s-addkey,1+2-s-taint-analysis,1+2-s-generatebpl,1+2-s-product,1+2-s-verify,ept31,1+3-addkey,1+3-taint-analysis,1+3-generatebpl,1+3-product,1+3-verify,ept37,1+3_s-addkey,1+3_s-taint-analysis,1+3_s-generatebpl,1+3_s-product,1+3_s-verify,ept43
Mbed-tls,DES,crypt_cbc,0.028588294982910156,0.13974356651306152,,1.2694718837738037,6.907355546951294,1.6079318523406982,,1.218320369720459,6.972484350204468,1.5940895080566406,,1.2603976726531982,7.021539926528931,1.6972849369049072,,1.2918226718902588,6.968203544616699,1.6040492057800293,,0.019037485122680664,0.1358470916748047,1.4128432273864746,6.9841063022613525,1.6518049240112305,,0.024709701538085938,0.1504502296447754,1.3905086517333984,6.966486930847168,1.6279549598693848,,0.026250600814819336,0.13125252723693848,1.4048891067504883,6.9744791984558105,1.70770263671875,,0.017721176147460938,0.14266657829284668,1.4384765625,6.989884614944458,1.605356216430664,
