LIB,Filename,Entry-point,3,3-s,3-0,1+2+3,1+2+3_s,1+2+3_0,ept7,ept8,ct-verify pass?,ept10,ept11,ept12,ept13
Mbed-tls,DES,crypt_cbc,10.383710145950317,10.333940744400024,11.883816480636597,24.536390781402588,24.695006847381592,26.10457420349121,,,Still Have Leak!,,,,
