LIB,Filename,Entry-point,2,2_s,3,3-s,1+2,1+2_s,1+3,1+3_s
Mbed-tls,DES,crypt_cbc,1.6079318523406982,1.5940895080566406,1.6972849369049072,1.6040492057800293,1.6518049240112305,1.6279549598693848,1.70770263671875,1.605356216430664
