LIB,Filename,Entry-point,add-key,taint-analysis,ept3,2-generatebpl,2-product,2-verify,ept7,2-s-generatebpl,2-s-product,2-s-verify,ept11,3-generatebpl,3-product,3-verify,ept15,3-s-generatebpl,3-s-product,3-s-verify,ept19,1+2-addkey,1+2-taint-analysis,1+2-generatebpl,1+2-product,1+2-verify,ept25,1+2-s-addkey,1+2-s-taint-analysis,1+2-s-generatebpl,1+2-s-product,1+2-s-verify,ept31,1+3-addkey,1+3-taint-analysis,1+3-generatebpl,1+3-product,1+3-verify,ept37,1+3_s-addkey,1+3_s-taint-analysis,1+3_s-generatebpl,1+3_s-product,1+3_s-verify,ept43
BearSSL,EC_p256_m31,api_mul,0.026715517044067383,0.5098094940185547,,1.919360637664795,11.870109558105469,1019.0642201900482,,1.890148401260376,10.900320291519165,598.7750036716461,,1.8404359817504883,10.789584875106812,3887.630515098572,,1.8571577072143555,11.059153079986572,3081.5910079479218,,0.021038293838500977,0.42417287826538086,2.268522024154663,10.62182879447937,209.37207102775574,,0.0321347713470459,0.44617509841918945,2.25270676612854,11.161786317825317,193.42151737213135,,0.0302126407623291,0.4775512218475342,2.315566062927246,10.93395471572876,258.1134207248688,,0.031111955642700195,0.43857884407043457,2.2939836978912354,10.933566093444824,267.674001455307,
