LIB,Filename,Entry-point,1,2,2-s,3,3-s,1+2,1+2_s,1+3,1+3_s,1+2+3,loc,all-sens pos,ct-verify pass?,Taint pass?,taint res,High taint pass?,Is_high_taint_1_2_pass
BearSSL,EC_p256_m31,api_mul,0.5365250110626221,1032.8536903858185,611.5654723644257,3900.260535955429,3094.5073187351227,0.44521117210388184,0.47830986976623535,0.5077638626098633,0.46969079971313477,0.5028524398803711,9560,796,Time Out!,Verified!,0,Verified!,Verified!
