LIB,Filename,Entry-point,2,2_s,3,3-s,1+2,1+2_s,1+3,1+3_s
BearSSL,EC_p256_m31,api_mul,1019.0642201900482,598.7750036716461,3887.630515098572,3081.5910079479218,209.37207102775574,193.42151737213135,258.1134207248688,267.674001455307
