LIB,Filename,Entry-point,1,2,2-s,3,3-s,1+2,1+2_s,1+3,1+3_s,1+2+3,loc,all-sens pos,ct-verify pass?,Taint pass?,taint res,High taint pass?,Is_high_taint_1_2_pass
Mbed-tls,constant2,mbedtls_mpi_lt_mpi_ct,0.07573914527893066,6.795180559158325,7.092811107635498,7.098814249038696,7.208568572998047,0.07587718963623047,0.08795428276062012,0.07238221168518066,0.0875558853149414,0.08171510696411133,411,26,Verified!,Verified!,0,Verified!,Verified!
Mbed-tls,constant2,mbedtls_ct_rsaes_pkcs1_v15_unpadding,0.07482337951660156,6.95945405960083,7.326530456542969,7.252758264541626,7.255075454711914,0.07272934913635254,0.08639812469482422,0.07577729225158691,0.07852363586425781,0.07978057861328125,629,19,Verified!,Verified!,0,Verified!,Verified!
Mbed-tls,constant2,mbedtls_mpi_safe_cond_assign,1.9612445831298828,7.144989252090454,7.445613145828247,7.486783742904663,7.469555854797363,1.7834160327911377,1.944870948791504,1.9144487380981445,1.9712018966674805,1.8618650436401367,706,40,Verified!,Verified!,0,Verified!,Verified!
Mbed-tls,constant2,mbedtls_mpi_core_lt_ct,0.07697105407714844,6.637772083282471,7.021204233169556,6.956279993057251,6.953693628311157,0.07987570762634277,0.08599400520324707,0.08515334129333496,0.08343076705932617,0.07052445411682129,218,5,Verified!,Verified!,0,Verified!,Verified!
Mbed-tls,constant2,mbedtls_mpi_safe_cond_swap,1.9076335430145264,7.201844215393066,7.474846363067627,7.57484245300293,7.525275707244873,1.856374740600586,1.9115874767303467,1.9083561897277832,1.9567081928253174,1.7829933166503906,730,43,Verified!,Verified!,0,Verified!,Verified!
