LIB,Filename,Entry-point,2,2_s,3,3-s,1+2,1+2_s,1+3,1+3_s
Mbed-tls,constant2,mbedtls_mpi_lt_mpi_ct,0.8077061176300049,0.8788907527923584,0.8322908878326416,0.8704996109008789,0.8210201263427734,0.8596961498260498,0.8469429016113281,0.8529887199401855
Mbed-tls,constant2,mbedtls_ct_rsaes_pkcs1_v15_unpadding,0.8622989654541016,0.978905439376831,0.9183313846588135,0.889045000076294,0.8652646541595459,0.8918523788452148,0.8986330032348633,0.9134922027587891
Mbed-tls,constant2,mbedtls_mpi_safe_cond_assign,0.8751471042633057,0.9081308841705322,0.9297597408294678,0.9451181888580322,0.8540959358215332,0.925910234451294,0.9528295993804932,0.9672074317932129
Mbed-tls,constant2,mbedtls_mpi_core_lt_ct,0.7806708812713623,0.8395419120788574,0.8357138633728027,0.8205983638763428,0.7868642807006836,0.8651306629180908,0.8648667335510254,0.8578262329101562
Mbed-tls,constant2,mbedtls_mpi_safe_cond_swap,0.9242396354675293,0.9502785205841064,1.0313036441802979,1.0054244995117188,0.8786876201629639,0.8983311653137207,0.9137308597564697,0.9064896106719971
